return_id,order_item_id,return_date,reason_code
1,31273.0,2024-06-18,late delivery
2,19382.0,2024-10-05,late delivery
3,22106.0,2025-09-05,defective
4,14600.0,2022-10-11,wrong item
5,29695.0,2023-03-16,wrong item
6,22178.0,2024-11-04,wrong item
7,29885.0,2023-06-07,damaged
8,32927.0,2023-08-17,wrong item
9,13735.0,2024-07-04,wrong item
10,12986.0,2022-11-02,damaged
11,6532.0,2022-10-19,defective
12,26273.0,2025-06-02,wrong item
13,2026.0,2024-11-04,defective
14,4006.0,2025-02-14,late delivery
15,8917.0,2024-05-03,wrong item
16,15892.0,2022-04-15,damaged
17,6266.0,2022-06-12,late delivery
18,4880.0,2025-01-22,customer remorse
19,18570.0,2022-03-20,damaged
20,32261.0,2024-01-25,wrong item
21,19278.0,2022-12-26,defective
22,6121.0,2025-09-09,customer remorse
23,30542.0,2025-03-05,defective
24,9982.0,2023-11-28,customer remorse
25,5618.0,2023-12-22,late delivery
26,34076.0,2025-02-10,customer remorse
27,18406.0,2024-07-05,wrong item
28,15157.0,2022-03-17,customer remorse
29,5101.0,2023-10-12,wrong item
30,13214.0,2023-11-22,damaged
31,20687.0,2025-01-17,damaged
32,33563.0,2023-08-22,defective
33,6988.0,2024-06-27,wrong item
34,11723.0,2025-04-22,customer remorse
35,31935.0,2024-04-30,damaged
36,5401.0,2024-02-11,damaged
37,23041.0,2024-02-12,late delivery
38,35189.0,2024-01-22,wrong item
39,9032.0,2022-11-14,late delivery
40,1477.0,2023-04-06,wrong item
41,34417.0,2025-09-04,defective
42,22874.0,2024-02-08,defective
43,5851.0,2023-10-04,defective
44,10356.0,2024-01-19,wrong item
45,17631.0,2024-07-16,late delivery
46,20810.0,2022-10-23,late delivery
47,28141.0,2024-05-09,late delivery
48,24688.0,2023-04-16,late delivery
49,13813.0,2024-06-26,damaged
50,22884.0,2022-08-29,wrong item
51,35382.0,2024-07-01,defective
52,23835.0,2025-07-16,wrong item
53,8543.0,2025-03-01,late delivery
54,27789.0,2022-04-19,wrong item
55,34312.0,2023-10-02,customer remorse
56,17277.0,2025-04-16,wrong item
57,31537.0,2023-11-11,defective
58,30718.0,2024-10-06,defective
59,29700.0,2023-05-05,late delivery
60,26284.0,2023-06-05,damaged
61,34846.0,2025-10-05,defective
62,4380.0,2024-03-18,defective
63,10450.0,2024-09-03,damaged
64,25073.0,2024-12-01,defective
65,2176.0,2025-10-28,customer remorse
66,2905.0,2024-08-03,late delivery
67,29086.0,2025-02-25,late delivery
68,17024.0,2022-08-29,wrong item
69,3052.0,2022-12-01,customer remorse
70,14784.0,2025-01-04,customer remorse
71,611.0,2024-12-11,late delivery
72,9494.0,2023-03-22,damaged
73,31420.0,2024-01-24,customer remorse
74,8805.0,2023-07-09,late delivery
75,29321.0,2024-01-28,wrong item
76,18513.0,2025-03-03,damaged
77,8948.0,2024-07-21,customer remorse
78,21823.0,2025-02-13,wrong item
79,1870.0,2025-11-30,customer remorse
80,30417.0,2023-12-11,defective
81,2330.0,2024-02-29,customer remorse
82,8894.0,2024-03-09,defective
83,35734.0,2023-11-14,late delivery
84,34573.0,2023-04-12,late delivery
85,24408.0,2024-10-06,late delivery
86,4619.0,2025-08-01,defective
87,31466.0,2024-09-16,defective
88,3607.0,2025-09-23,customer remorse
89,3845.0,2024-02-28,wrong item
90,26469.0,2024-03-19,customer remorse
91,6247.0,2022-08-20,wrong item
92,22996.0,2024-09-23,late delivery
93,7858.0,2024-07-14,late delivery
94,6668.0,2024-08-28,defective
95,3426.0,2024-10-07,wrong item
96,24514.0,2024-09-28,wrong item
97,9198.0,2024-06-29,damaged
98,3077.0,2023-07-12,defective
99,21493.0,2024-11-28,defective
100,21220.0,2022-01-22,wrong item
101,31724.0,2025-02-22,customer remorse
102,25195.0,2025-01-26,late delivery
103,19716.0,2023-02-25,customer remorse
104,30620.0,2023-02-25,late delivery
105,30042.0,2025-06-24,wrong item
106,30438.0,2025-04-15,wrong item
107,21908.0,2022-01-20,customer remorse
108,15657.0,2023-08-06,customer remorse
109,34603.0,2022-07-21,damaged
110,21232.0,2023-06-23,damaged
111,31648.0,2024-05-26,damaged
112,13490.0,2022-10-14,late delivery
113,25390.0,2023-06-20,customer remorse
114,22355.0,2024-06-20,late delivery
115,17200.0,2023-08-31,late delivery
116,25780.0,2024-01-01,wrong item
117,901.0,2022-11-09,defective
118,4617.0,2025-11-27,late delivery
119,3171.0,2023-02-12,defective
120,29568.0,2024-09-10,defective
121,12950.0,2025-11-30,defective
122,14007.0,2024-02-07,wrong item
123,30956.0,2024-10-16,wrong item
124,7291.0,2025-04-29,customer remorse
125,541.0,2022-10-16,late delivery
126,4129.0,2023-11-25,customer remorse
127,122.0,2024-10-19,damaged
128,33029.0,2023-08-31,wrong item
129,15335.0,2023-02-24,defective
130,27132.0,2022-05-21,damaged
131,19614.0,2022-03-11,damaged
132,26922.0,2023-03-21,wrong item
133,30342.0,2023-10-08,wrong item
134,10053.0,2023-08-01,wrong item
135,2631.0,2023-12-03,late delivery
136,8789.0,2022-02-13,wrong item
137,22112.0,2025-03-26,late delivery
138,7063.0,2024-09-10,defective
139,14905.0,2022-10-12,wrong item
140,10847.0,2023-01-20,damaged
141,3346.0,2025-03-10,damaged
142,9125.0,2023-05-13,wrong item
143,21906.0,2023-05-17,late delivery
144,9360.0,2024-04-01,wrong item
145,29708.0,2023-09-30,late delivery
146,118.0,2022-10-14,wrong item
147,17321.0,2024-07-18,damaged
148,29487.0,2024-01-05,late delivery
149,89.0,2024-08-22,late delivery
150,26353.0,2024-01-05,customer remorse
151,15490.0,2023-01-24,late delivery
152,16613.0,2025-06-20,late delivery
153,4751.0,2024-07-20,damaged
154,35461.0,2025-02-17,damaged
155,15661.0,2023-04-20,damaged
156,28313.0,2022-10-28,customer remorse
157,22881.0,2024-08-12,defective
158,8012.0,2022-09-18,defective
159,21939.0,2025-11-28,late delivery
160,12764.0,2024-04-27,defective
161,4662.0,2025-10-19,defective
162,7167.0,2025-06-16,damaged
163,9801.0,2024-04-28,defective
164,15871.0,2025-02-12,damaged
165,1205.0,2025-04-20,late delivery
166,4510.0,2023-01-09,wrong item
167,32834.0,2023-04-04,late delivery
168,5826.0,2023-09-04,damaged
169,33290.0,2022-12-25,late delivery
170,1413.0,2025-01-13,defective
171,11965.0,2025-04-04,damaged
172,23388.0,2025-11-16,late delivery
173,32267.0,2024-03-17,damaged
174,11004.0,2024-10-02,wrong item
175,4545.0,2023-04-14,wrong item
176,6221.0,2025-05-22,defective
177,27841.0,2022-09-25,damaged
178,16181.0,2024-02-18,wrong item
179,19371.0,2022-06-25,wrong item
180,1413.0,2025-06-21,defective
181,6397.0,2022-09-23,defective
182,18498.0,2023-02-15,customer remorse
183,29016.0,2023-02-22,defective
184,31758.0,2022-12-14,customer remorse
185,33402.0,2022-03-24,late delivery
186,32257.0,2024-01-02,customer remorse
187,13696.0,2024-12-14,late delivery
188,32416.0,2024-07-05,customer remorse
189,22393.0,2022-10-11,wrong item
190,21597.0,2025-02-26,wrong item
191,27638.0,2022-12-12,damaged
192,11276.0,2025-08-13,defective
193,7719.0,2022-03-15,late delivery
194,2122.0,2023-01-29,late delivery
195,16640.0,2025-11-10,late delivery
196,1973.0,2024-09-25,customer remorse
197,3201.0,2022-10-30,customer remorse
198,34475.0,2022-04-04,defective
199,33705.0,2025-07-02,damaged
200,28634.0,2025-08-07,customer remorse
201,3293.0,2023-06-07,damaged
202,9515.0,2025-06-17,damaged
203,27849.0,2025-03-02,customer remorse
204,18220.0,2023-01-03,damaged
205,1655.0,2022-10-29,wrong item
206,16842.0,2025-08-02,wrong item
207,23564.0,2022-08-05,wrong item
208,14047.0,2022-06-08,customer remorse
209,7537.0,2025-02-19,defective
210,22730.0,2022-05-11,late delivery
211,31581.0,2022-03-24,damaged
212,24091.0,2024-06-18,late delivery
213,26594.0,2023-10-28,wrong item
214,12421.0,2025-01-26,wrong item
215,12701.0,2024-07-19,wrong item
216,19409.0,2025-03-09,late delivery
217,13269.0,2022-10-09,defective
218,19946.0,2024-03-02,customer remorse
219,12060.0,2024-09-26,damaged
220,10596.0,2024-02-20,late delivery
221,1609.0,2023-01-14,wrong item
222,10957.0,2022-01-02,damaged
223,36078.0,2025-06-11,late delivery
224,33951.0,2023-08-31,customer remorse
225,30848.0,2025-08-15,damaged
226,5950.0,2023-02-17,customer remorse
227,30636.0,2023-10-21,wrong item
228,22290.0,2025-09-21,defective
229,6854.0,2025-06-23,customer remorse
230,9674.0,2025-04-16,late delivery
231,13652.0,2025-08-23,defective
232,19417.0,2022-07-22,defective
233,19972.0,2025-07-13,damaged
234,26594.0,2023-09-30,defective
235,20575.0,2025-10-05,defective
236,673.0,2023-07-22,damaged
237,11914.0,2024-10-08,defective
238,8721.0,2025-03-29,wrong item
239,16777.0,2023-08-04,wrong item
240,22436.0,2022-07-11,damaged
241,12742.0,2023-05-03,customer remorse
242,20797.0,2022-08-01,defective
243,14749.0,2025-04-04,customer remorse
244,2588.0,2023-02-01,damaged
245,12952.0,2023-03-15,wrong item
246,33977.0,2023-08-05,damaged
247,12371.0,2024-02-29,damaged
248,3182.0,2023-09-07,damaged
249,31679.0,2023-10-08,customer remorse
250,6587.0,2025-09-08,defective
251,16917.0,2022-05-27,defective
252,32821.0,2024-11-07,customer remorse
253,5946.0,2023-11-28,late delivery
254,12880.0,2022-12-09,customer remorse
255,32134.0,2024-07-12,late delivery
256,10677.0,2022-07-13,late delivery
257,30297.0,2023-05-14,late delivery
258,31428.0,2024-10-13,customer remorse
259,10571.0,2024-04-13,wrong item
260,6455.0,2023-07-10,wrong item
261,3893.0,2025-01-15,customer remorse
262,26507.0,2022-07-09,damaged
263,6259.0,2023-12-26,damaged
264,14397.0,2023-09-06,late delivery
265,34090.0,2025-02-19,late delivery
266,26865.0,2023-04-16,defective
267,29610.0,2025-11-18,damaged
268,3662.0,2023-12-15,defective
269,15206.0,2025-07-09,customer remorse
270,8624.0,2024-03-03,late delivery
271,26142.0,2025-07-20,defective
272,4600.0,2024-01-15,defective
273,32706.0,2022-05-26,customer remorse
274,23214.0,2025-10-11,damaged
275,10305.0,2023-08-24,late delivery
276,6210.0,2025-09-24,late delivery
277,12785.0,2023-08-02,wrong item
278,8780.0,2023-06-24,damaged
279,7821.0,2025-09-18,customer remorse
280,20554.0,2022-10-03,wrong item
281,31857.0,2022-04-06,defective
282,5811.0,2025-09-25,defective
283,8730.0,2023-01-07,damaged
284,20750.0,2024-12-06,customer remorse
285,25702.0,2023-07-23,damaged
286,35641.0,2024-01-09,late delivery
287,18777.0,2025-01-20,customer remorse
288,30175.0,2024-12-16,late delivery
289,22114.0,2025-10-13,customer remorse
290,21122.0,2025-10-08,defective
291,29125.0,2023-06-06,customer remorse
292,6115.0,2025-08-16,customer remorse
293,31594.0,2022-08-20,late delivery
294,10571.0,2023-05-16,late delivery
295,20380.0,2022-08-14,wrong item
296,13267.0,2025-08-01,wrong item
297,33373.0,2023-10-31,wrong item
298,9447.0,2022-08-16,late delivery
299,23498.0,2025-10-31,defective
300,24038.0,2022-07-01,late delivery
301,13533.0,2025-04-07,customer remorse
302,28376.0,2025-06-17,late delivery
303,18085.0,2022-10-23,wrong item
304,13081.0,2024-11-08,damaged
305,20468.0,2022-09-02,wrong item
306,10262.0,2023-07-31,wrong item
307,4338.0,2024-05-21,damaged
308,34919.0,2024-01-07,defective
309,29688.0,2024-06-02,wrong item
310,23071.0,2023-03-01,wrong item
311,21140.0,2022-02-18,wrong item
312,34362.0,2022-06-23,wrong item
313,25680.0,2024-05-15,damaged
314,27834.0,2024-12-02,customer remorse
315,6047.0,2022-04-07,damaged
316,11197.0,2024-04-01,late delivery
317,19570.0,2022-10-03,wrong item
318,14145.0,2022-05-23,wrong item
319,16216.0,2025-11-12,customer remorse
320,2880.0,2025-05-31,customer remorse
321,5987.0,2024-10-27,damaged
322,17273.0,2023-04-16,wrong item
323,12909.0,2022-10-23,damaged
324,854.0,2024-01-10,defective
325,18763.0,2023-07-15,customer remorse
326,33052.0,2024-11-18,damaged
327,3861.0,2025-11-16,damaged
328,31163.0,2025-10-20,damaged
329,29550.0,2025-01-24,wrong item
330,22781.0,2025-06-20,defective
331,24247.0,2024-07-02,defective
332,3916.0,2023-07-09,customer remorse
333,18663.0,2023-04-04,customer remorse
334,17049.0,2024-01-16,wrong item
335,12056.0,2025-06-04,defective
336,6713.0,2022-08-03,customer remorse
337,20015.0,2022-11-04,late delivery
338,17606.0,2022-02-18,customer remorse
339,12991.0,2022-02-05,late delivery
340,22915.0,2022-04-11,wrong item
341,20075.0,2022-12-26,late delivery
342,2156.0,2023-05-31,wrong item
343,30530.0,2022-04-22,late delivery
344,30284.0,2022-08-07,damaged
345,152.0,2024-08-28,late delivery
346,30056.0,2023-09-15,defective
347,1585.0,2024-02-09,defective
348,13082.0,2025-01-12,customer remorse
349,13705.0,2022-10-26,customer remorse
350,27737.0,2022-07-15,damaged
351,28161.0,2025-10-11,wrong item
352,13922.0,2023-08-05,defective
353,27319.0,2023-07-30,customer remorse
354,4940.0,2024-10-17,defective
355,29819.0,2025-03-24,damaged
356,7064.0,2024-11-18,customer remorse
357,13690.0,2022-04-04,damaged
358,25729.0,2022-03-09,customer remorse
359,27664.0,2025-10-07,wrong item
360,3276.0,2023-02-04,wrong item
361,33991.0,2023-08-29,customer remorse
362,31400.0,2024-10-13,damaged
363,35399.0,2022-04-25,wrong item
364,14926.0,2025-05-08,damaged
365,25566.0,2023-06-09,damaged
366,8996.0,2023-11-01,damaged
367,29708.0,2025-02-28,late delivery
368,34100.0,2022-05-28,damaged
369,28637.0,2024-02-25,defective
370,2054.0,2022-10-04,customer remorse
371,14232.0,2022-12-12,damaged
372,3648.0,2024-07-18,defective
373,4760.0,2025-08-19,damaged
374,10582.0,2024-02-26,customer remorse
375,28432.0,2025-01-18,customer remorse
376,7168.0,2023-05-23,late delivery
377,11326.0,2023-10-16,wrong item
378,19715.0,2022-01-15,damaged
379,33889.0,2022-01-23,wrong item
380,17854.0,2023-09-06,defective
381,30064.0,2024-12-23,defective
382,2529.0,2022-11-30,late delivery
383,9387.0,2023-07-26,wrong item
384,27112.0,2025-03-04,wrong item
385,6166.0,2025-04-13,late delivery
386,12564.0,2024-08-05,customer remorse
387,15362.0,2024-08-01,damaged
388,6689.0,2023-11-01,wrong item
389,24226.0,2023-09-25,wrong item
390,11479.0,2022-11-29,damaged
391,26758.0,2023-09-05,defective
392,19154.0,2024-10-03,defective
393,2827.0,2023-02-25,damaged
394,10574.0,2025-07-01,late delivery
395,29945.0,2023-07-03,defective
396,13898.0,2022-09-30,customer remorse
397,8295.0,2025-09-10,customer remorse
398,24412.0,2022-04-21,defective
399,30179.0,2023-12-12,customer remorse
400,8145.0,2022-08-22,late delivery
401,5072.0,2024-08-01,late delivery
402,6956.0,2025-01-26,damaged
403,17347.0,2025-02-19,late delivery
404,5215.0,2023-05-01,customer remorse
405,16968.0,2022-04-19,defective
406,5489.0,2023-06-22,wrong item
407,17920.0,2023-12-23,late delivery
408,35214.0,2025-07-09,customer remorse
409,2212.0,2024-11-23,late delivery
410,8834.0,2022-08-04,wrong item
411,20604.0,2022-12-24,wrong item
412,5190.0,2022-11-05,late delivery
413,28276.0,2023-12-08,late delivery
414,14984.0,2023-03-23,late delivery
415,27606.0,2025-03-07,wrong item
416,24349.0,2024-01-01,wrong item
417,12605.0,2023-08-09,wrong item
418,31338.0,2023-09-18,damaged
419,7176.0,2025-02-28,customer remorse
420,12008.0,2022-01-15,wrong item
421,11804.0,2024-02-11,customer remorse
422,27938.0,2024-11-21,late delivery
423,33878.0,2023-01-20,late delivery
424,22521.0,2024-04-04,customer remorse
425,2159.0,2025-03-14,late delivery
426,5023.0,2023-01-31,defective
427,16897.0,2023-01-14,defective
428,28914.0,2023-12-06,customer remorse
429,1856.0,2023-06-26,defective
430,25180.0,2022-11-03,damaged
431,520.0,2023-11-04,late delivery
432,10189.0,2024-12-22,damaged
433,12145.0,2025-01-15,late delivery
434,26670.0,2025-04-13,damaged
435,555.0,2023-08-20,damaged
436,11441.0,2024-02-15,defective
437,9106.0,2024-11-24,customer remorse
438,13276.0,2024-06-26,defective
439,26870.0,2024-11-02,late delivery
440,5999.0,2025-08-14,wrong item
441,30965.0,2022-09-07,damaged
442,13234.0,2024-10-02,damaged
443,24831.0,2022-06-02,damaged
444,12654.0,2023-09-22,damaged
445,5672.0,2023-02-20,wrong item
446,18698.0,2025-08-04,damaged
447,27665.0,2023-07-03,customer remorse
448,22318.0,2023-05-25,wrong item
449,26041.0,2023-05-05,defective
450,26049.0,2022-09-28,damaged
451,3619.0,2024-06-21,damaged
452,31752.0,2022-12-28,late delivery
453,27856.0,2025-11-30,damaged
454,18923.0,2025-08-02,defective
455,11804.0,2022-10-02,wrong item
456,15806.0,2024-04-22,defective
457,20951.0,2024-09-09,customer remorse
458,35834.0,2023-09-24,customer remorse
459,11537.0,2024-12-25,damaged
460,24296.0,2025-06-22,late delivery
461,17167.0,2023-11-27,damaged
462,19687.0,2025-11-04,customer remorse
463,2001.0,2023-01-25,customer remorse
464,28537.0,2024-08-26,wrong item
465,20239.0,2025-11-11,wrong item
466,9833.0,2024-11-15,wrong item
467,15210.0,2024-10-05,wrong item
468,6246.0,2022-09-18,defective
469,9047.0,2025-04-19,damaged
470,22761.0,2022-04-18,damaged
471,22364.0,2023-04-18,wrong item
472,33186.0,2023-11-22,wrong item
473,5373.0,2024-07-09,defective
474,19655.0,2024-02-18,late delivery
475,24390.0,2025-07-07,defective
476,12962.0,2022-03-25,defective
477,12784.0,2023-10-17,damaged
478,32764.0,2022-07-03,customer remorse
479,18473.0,2023-07-21,defective
480,23042.0,2024-03-18,late delivery
481,5045.0,2024-09-23,wrong item
482,29760.0,2022-03-10,damaged
483,19766.0,2024-12-27,customer remorse
484,3757.0,2022-07-06,late delivery
485,32173.0,2024-03-21,defective
486,9156.0,2024-07-25,damaged
487,7487.0,2025-03-25,customer remorse
488,22435.0,2025-02-23,damaged
489,7884.0,2023-04-12,wrong item
490,27415.0,2024-06-10,damaged
491,5942.0,2023-11-25,defective
492,6493.0,2024-02-07,late delivery
493,13701.0,2022-10-31,defective
494,22965.0,2022-02-22,late delivery
495,34450.0,2025-04-05,damaged
496,8300.0,2025-03-05,customer remorse
497,35534.0,2023-03-26,defective
498,18346.0,2022-08-11,late delivery
499,28071.0,2023-04-09,damaged
500,32635.0,2023-03-15,damaged
501,7641.0,2023-02-13,customer remorse
502,16154.0,2022-12-29,defective
503,18822.0,2024-04-12,wrong item
504,9377.0,2023-11-09,late delivery
505,29506.0,2023-05-02,wrong item
506,10652.0,2025-03-04,defective
507,1866.0,2024-06-13,defective
508,255.0,2023-02-22,customer remorse
509,22480.0,2025-01-05,damaged
510,29050.0,2025-11-07,damaged
511,11668.0,2025-02-12,late delivery
512,27504.0,2024-06-02,defective
513,278.0,2025-11-29,customer remorse
514,32489.0,2022-01-19,wrong item
515,12353.0,2024-10-18,wrong item
516,25888.0,2024-09-16,customer remorse
517,14182.0,2025-01-21,damaged
518,5326.0,2025-06-17,customer remorse
519,15296.0,2022-11-05,late delivery
520,20221.0,2025-05-12,customer remorse
521,8781.0,2022-05-15,wrong item
522,4960.0,2023-11-13,wrong item
523,35223.0,2025-03-26,defective
524,27781.0,2024-05-13,defective
525,19857.0,2025-02-07,damaged
526,21060.0,2024-02-05,late delivery
527,15886.0,2025-10-10,late delivery
528,1771.0,2025-06-27,damaged
529,16091.0,2023-10-13,defective
530,18049.0,2025-01-09,wrong item
531,10175.0,2024-10-29,late delivery
532,5903.0,2022-08-06,customer remorse
533,26131.0,2022-07-08,defective
534,2782.0,2022-11-22,late delivery
535,4464.0,2025-06-23,wrong item
536,6777.0,2025-11-12,damaged
537,33876.0,2024-09-06,customer remorse
538,34473.0,2024-06-23,customer remorse
539,16753.0,2024-02-07,late delivery
540,4270.0,2024-03-12,damaged
541,13.0,2024-12-20,damaged
542,27165.0,2023-07-13,customer remorse
543,31326.0,2023-07-14,defective
544,17592.0,2024-07-21,customer remorse
545,15701.0,2023-01-09,customer remorse
546,27269.0,2023-10-16,customer remorse
547,17532.0,2025-05-01,late delivery
548,9904.0,2022-10-21,damaged
549,20492.0,2024-10-14,defective
550,19908.0,2023-12-27,late delivery
551,22278.0,2023-04-02,wrong item
552,2194.0,2023-04-19,damaged
553,30117.0,2025-01-16,defective
554,3182.0,2022-07-12,defective
555,26080.0,2025-04-29,damaged
556,16544.0,2024-05-15,defective
557,27118.0,2025-07-09,wrong item
558,35534.0,2023-12-21,defective
559,8459.0,2024-12-01,wrong item
560,6156.0,2023-11-19,defective
561,21121.0,2022-01-03,defective
562,32642.0,2022-04-06,defective
563,2926.0,2022-12-13,wrong item
564,17907.0,2025-06-23,wrong item
565,22149.0,2025-09-28,wrong item
566,27146.0,2023-05-18,customer remorse
567,1850.0,2023-05-09,defective
568,27906.0,2023-05-07,customer remorse
569,23347.0,2022-09-30,wrong item
570,25718.0,2024-02-09,late delivery
571,15249.0,2023-12-18,damaged
572,32765.0,2025-08-26,wrong item
573,10264.0,2023-05-01,wrong item
574,30174.0,2022-12-21,defective
575,23287.0,2022-04-22,wrong item
576,32003.0,2024-09-15,late delivery
577,4955.0,2023-02-09,damaged
578,32902.0,2025-11-18,customer remorse
579,22657.0,2025-07-26,late delivery
580,19639.0,2025-06-05,wrong item
581,13311.0,2022-09-07,damaged
582,23876.0,2023-09-05,wrong item
583,19628.0,2022-02-05,damaged
584,5117.0,2022-02-17,wrong item
585,24435.0,2022-01-01,customer remorse
586,15254.0,2023-04-18,defective
587,22137.0,2025-06-04,late delivery
588,4005.0,2023-03-28,customer remorse
589,22928.0,2024-05-18,customer remorse
590,5123.0,2025-11-22,customer remorse
591,20100.0,2024-03-03,defective
592,8453.0,2025-10-02,wrong item
593,31079.0,2023-09-26,defective
594,16307.0,2025-05-24,wrong item
595,6040.0,2023-10-29,customer remorse
596,24754.0,2024-05-10,late delivery
597,18476.0,2023-08-01,defective
598,28179.0,2024-06-07,damaged
599,20648.0,2024-08-05,late delivery
600,23332.0,2024-02-22,defective
601,29149.0,2024-05-13,late delivery
602,14890.0,2024-09-09,wrong item
603,27386.0,2025-03-07,wrong item
604,592.0,2023-12-22,damaged
605,5967.0,2024-09-19,defective
606,94.0,2022-11-07,customer remorse
607,30303.0,2022-02-06,wrong item
608,30224.0,2022-12-20,wrong item
609,32922.0,2022-04-07,damaged
610,31997.0,2025-02-23,customer remorse
611,26140.0,2025-05-01,wrong item
612,6930.0,2022-09-04,defective
613,30264.0,2024-02-04,late delivery
614,26235.0,2023-04-23,late delivery
615,5095.0,2024-05-20,defective
616,13318.0,2025-07-07,defective
617,17181.0,2022-05-27,customer remorse
618,32835.0,2024-05-03,late delivery
619,18109.0,2023-12-17,late delivery
620,21947.0,2023-11-09,late delivery
621,5142.0,2024-05-08,customer remorse
622,26724.0,2025-04-11,wrong item
623,33349.0,2024-09-24,wrong item
624,4603.0,2022-03-15,late delivery
625,13338.0,2023-12-01,late delivery
626,36108.0,2025-11-01,customer remorse
627,6833.0,2022-01-23,customer remorse
628,3158.0,2024-10-06,defective
629,20043.0,2022-07-05,wrong item
630,3962.0,2024-08-18,late delivery
631,5230.0,2022-01-02,late delivery
632,11520.0,2024-08-07,damaged
633,13538.0,2022-04-03,defective
634,25711.0,2025-07-27,defective
635,27546.0,2023-01-20,customer remorse
636,20121.0,2023-09-07,defective
637,20703.0,2022-02-28,customer remorse
638,15508.0,2023-02-18,wrong item
639,12861.0,2023-06-12,defective
640,2957.0,2025-09-06,customer remorse
641,27248.0,2023-01-22,wrong item
642,5745.0,2024-09-26,customer remorse
643,28028.0,2022-04-05,customer remorse
644,4176.0,2025-06-05,defective
645,17285.0,2023-08-17,customer remorse
646,26838.0,2022-08-11,wrong item
647,34067.0,2025-03-05,late delivery
648,8203.0,2022-08-08,wrong item
649,19447.0,2022-02-07,defective
650,20630.0,2023-04-14,customer remorse
651,26883.0,2024-02-21,customer remorse
652,13692.0,2023-10-02,wrong item
653,15732.0,2024-06-14,customer remorse
654,34625.0,2023-06-11,wrong item
655,29690.0,2023-01-12,defective
656,16334.0,2024-03-11,late delivery
657,3483.0,2023-09-08,defective
658,18027.0,2024-08-29,defective
659,21839.0,2023-05-30,late delivery
660,26207.0,2023-10-05,defective
661,30957.0,2024-12-20,late delivery
662,404.0,2022-10-13,late delivery
663,10117.0,2022-05-05,damaged
664,18648.0,2025-02-10,customer remorse
665,33978.0,2024-08-21,damaged
666,22471.0,2025-11-01,defective
667,4668.0,2023-09-14,defective
668,29858.0,2023-02-21,defective
669,11344.0,2024-03-24,defective
670,18009.0,2024-10-16,late delivery
671,24603.0,2022-04-20,late delivery
672,28874.0,2024-09-05,defective
673,13250.0,2024-07-05,wrong item
674,305.0,2025-05-11,defective
675,16537.0,2022-12-04,late delivery
676,3177.0,2025-10-26,defective
677,5396.0,2024-10-26,customer remorse
678,26535.0,2024-07-08,wrong item
679,19773.0,2022-02-14,defective
680,4810.0,2022-03-20,defective
681,12462.0,2022-12-15,wrong item
682,17023.0,2022-11-06,damaged
683,34165.0,2024-06-13,defective
684,28011.0,2023-08-24,late delivery
685,9173.0,2025-06-04,customer remorse
686,15326.0,2024-10-24,damaged
687,27638.0,2022-10-14,damaged
688,22716.0,2022-01-06,damaged
689,29840.0,2024-04-28,wrong item
690,17837.0,2024-04-19,customer remorse
691,17201.0,2022-10-08,customer remorse
692,3062.0,2023-01-29,customer remorse
693,9173.0,2022-01-01,customer remorse
694,4688.0,2023-04-22,late delivery
695,27044.0,2022-11-21,defective
696,2650.0,2023-06-17,late delivery
697,33482.0,2025-03-13,wrong item
698,14073.0,2024-10-17,damaged
699,32125.0,2023-06-06,wrong item
700,19287.0,2024-08-22,damaged
701,18880.0,2023-07-12,damaged
702,12495.0,2022-08-24,late delivery
703,7803.0,2025-02-16,defective
704,14330.0,2022-02-08,wrong item
705,13478.0,2022-09-22,customer remorse
706,13829.0,2022-07-01,damaged
707,32846.0,2024-09-24,defective
708,9514.0,2023-06-15,late delivery
709,12035.0,2022-07-22,damaged
710,25839.0,2022-12-10,defective
711,16332.0,2024-09-17,wrong item
712,3663.0,2022-12-17,defective
713,14903.0,2024-04-21,late delivery
714,17476.0,2023-03-25,wrong item
715,7127.0,2023-08-24,wrong item
716,19027.0,2024-06-18,wrong item
717,9724.0,2022-01-26,customer remorse
718,11108.0,2022-08-03,late delivery
719,29968.0,2024-08-28,damaged
720,11824.0,2022-04-26,customer remorse
721,34136.0,2022-01-01,damaged
722,14645.0,2025-01-30,late delivery
723,23823.0,2022-08-02,customer remorse
724,27059.0,2025-01-29,customer remorse
725,895.0,2025-10-30,damaged
726,21642.0,2022-10-31,customer remorse
727,948.0,2023-03-12,damaged
728,16380.0,2023-02-18,damaged
729,7681.0,2023-08-21,late delivery
730,9395.0,2024-09-07,customer remorse
731,35275.0,2022-03-09,late delivery
732,19360.0,2025-04-18,defective
733,16408.0,2022-10-29,late delivery
734,16902.0,2025-07-30,wrong item
735,4541.0,2022-12-15,customer remorse
736,15392.0,2022-07-13,wrong item
737,669.0,2023-10-28,defective
738,1370.0,2025-05-12,customer remorse
739,34235.0,2023-09-26,late delivery
740,20478.0,2023-11-11,damaged
741,24211.0,2022-01-18,defective
742,25842.0,2025-06-18,defective
743,27996.0,2025-09-11,customer remorse
744,28645.0,2024-12-14,defective
745,21445.0,2025-10-12,wrong item
746,36039.0,2022-02-27,customer remorse
747,31593.0,2025-02-23,customer remorse
748,4771.0,2023-03-20,late delivery
749,22704.0,2024-09-19,late delivery
750,14560.0,2024-01-05,late delivery
751,33892.0,2023-01-16,late delivery
752,35945.0,2022-12-30,defective
753,34663.0,2022-08-30,customer remorse
754,28692.0,2023-04-10,wrong item
755,26550.0,2022-08-29,defective
756,10441.0,2025-06-21,customer remorse
757,16540.0,2025-09-25,late delivery
758,33852.0,2024-02-17,defective
759,11002.0,2024-03-04,damaged
760,29678.0,2024-02-15,defective
761,5636.0,2025-07-26,defective
762,9870.0,2023-10-22,defective
763,33372.0,2025-09-04,damaged
764,33659.0,2025-01-21,late delivery
765,11221.0,2022-01-27,late delivery
766,3183.0,2022-06-23,late delivery
767,8679.0,2023-07-04,customer remorse
768,15149.0,2025-02-05,damaged
769,29941.0,2024-12-04,wrong item
770,8792.0,2023-12-22,late delivery
771,6493.0,2022-06-04,wrong item
772,4762.0,2025-10-26,defective
773,20073.0,2024-05-23,damaged
774,22581.0,2024-10-17,customer remorse
775,29318.0,2022-08-01,late delivery
776,25963.0,2024-02-07,defective
777,23235.0,2024-06-07,wrong item
778,13312.0,2024-10-10,defective
779,4944.0,2022-01-04,damaged
780,30729.0,2025-10-30,defective
781,33638.0,2022-09-07,customer remorse
782,33897.0,2025-11-20,customer remorse
783,21057.0,2022-09-03,damaged
784,1116.0,2023-01-30,late delivery
785,32874.0,2024-10-13,customer remorse
786,7144.0,2022-10-13,customer remorse
787,28716.0,2023-08-29,damaged
788,24328.0,2025-07-15,damaged
789,9021.0,2025-02-10,late delivery
790,8571.0,2023-08-18,damaged
791,10591.0,2024-11-06,damaged
792,15269.0,2022-01-07,late delivery
793,18250.0,2025-05-25,customer remorse
794,17481.0,2025-04-19,defective
795,10023.0,2022-04-28,defective
796,24726.0,2025-01-02,damaged
797,27796.0,2024-09-26,late delivery
798,15202.0,2022-01-18,damaged
799,31654.0,2023-08-05,damaged
800,18254.0,2022-12-16,wrong item
801,5670.0,2022-09-14,wrong item
802,15813.0,2023-06-25,customer remorse
803,5920.0,2025-07-19,late delivery
804,13331.0,2023-11-17,customer remorse
805,32001.0,2022-06-21,customer remorse
806,27943.0,2024-04-06,customer remorse
807,35096.0,2025-03-29,defective
808,6670.0,2022-02-16,wrong item
809,31330.0,2025-02-04,defective
810,24862.0,2023-06-07,wrong item
811,19548.0,2023-04-19,damaged
812,35585.0,2024-12-29,damaged
813,35033.0,2023-02-03,damaged
814,21365.0,2023-11-30,wrong item
815,20125.0,2024-09-17,defective
816,31078.0,2022-04-20,customer remorse
817,23493.0,2024-12-22,customer remorse
818,31894.0,2025-08-31,late delivery
819,35667.0,2025-01-18,wrong item
820,33512.0,2023-01-29,damaged
821,14566.0,2022-05-09,defective
822,35303.0,2025-07-01,customer remorse
823,15615.0,2023-03-02,late delivery
824,7989.0,2025-08-04,damaged
825,6560.0,2023-02-19,customer remorse
826,31330.0,2023-08-09,defective
827,32007.0,2024-03-27,customer remorse
828,34491.0,2024-11-20,defective
829,5537.0,2023-02-18,late delivery
830,18631.0,2023-10-03,customer remorse
831,8842.0,2024-04-03,damaged
832,24322.0,2024-01-27,late delivery
833,33964.0,2024-05-02,customer remorse
834,7675.0,2024-02-29,damaged
835,7989.0,2022-07-06,wrong item
836,4686.0,2022-06-20,wrong item
837,35949.0,2022-08-26,damaged
838,125.0,2025-03-07,damaged
839,23492.0,2023-10-09,customer remorse
840,9694.0,2023-07-16,late delivery
841,18980.0,2022-10-24,damaged
842,25154.0,2024-02-01,defective
843,14218.0,2022-12-25,damaged
844,35496.0,2025-11-05,customer remorse
845,4602.0,2023-03-30,late delivery
846,32659.0,2025-11-01,customer remorse
847,26344.0,2025-02-18,damaged
848,10914.0,2025-09-03,late delivery
849,13194.0,2025-01-11,damaged
850,1453.0,2023-07-22,customer remorse
851,5558.0,2022-02-15,damaged
852,11861.0,2024-05-16,wrong item
853,7485.0,2025-08-02,damaged
854,5539.0,2025-05-03,defective
855,8295.0,2024-05-28,customer remorse
856,9922.0,2025-05-08,defective
857,14296.0,2024-01-10,damaged
858,4239.0,2025-03-10,late delivery
859,9484.0,2024-04-11,customer remorse
860,14654.0,2022-08-15,customer remorse
861,27638.0,2023-03-03,late delivery
862,26968.0,2023-05-04,defective
863,22559.0,2022-06-15,wrong item
864,6508.0,2025-12-02,damaged
865,4663.0,2022-11-06,wrong item
866,12484.0,2025-10-27,defective
867,20526.0,2023-08-04,defective
868,18710.0,2025-05-31,damaged
869,6664.0,2024-06-16,late delivery
870,5669.0,2025-07-08,damaged
871,9926.0,2024-09-07,late delivery
872,20668.0,2025-06-01,customer remorse
873,32957.0,2024-08-14,damaged
874,23841.0,2023-05-30,customer remorse
875,2093.0,2023-11-06,wrong item
876,25191.0,2023-11-13,damaged
877,19442.0,2022-03-21,customer remorse
878,25851.0,2024-01-02,wrong item
879,5880.0,2022-11-14,customer remorse
880,21377.0,2025-02-01,customer remorse
881,11097.0,2022-12-03,damaged
882,3081.0,2025-02-14,wrong item
883,28053.0,2023-09-24,defective
884,9549.0,2024-06-08,wrong item
885,31526.0,2023-02-05,wrong item
886,5403.0,2023-11-03,defective
887,17102.0,2022-09-18,defective
888,769.0,2025-02-16,defective
889,13062.0,2022-04-16,damaged
890,20072.0,2023-10-22,late delivery
891,30642.0,2022-11-23,damaged
892,30848.0,2025-08-22,damaged
893,26234.0,2023-09-22,customer remorse
894,6141.0,2025-06-10,damaged
895,32059.0,2025-05-05,damaged
896,32692.0,2024-10-19,defective
897,28537.0,2022-03-28,late delivery
898,20341.0,2023-01-04,damaged
899,11091.0,2023-10-05,customer remorse
900,4335.0,2024-07-25,damaged
901,21971.0,2025-07-08,defective
902,3282.0,2023-01-23,late delivery
903,21071.0,2025-02-02,defective
904,16851.0,2024-03-30,customer remorse
905,24043.0,2023-04-29,defective
906,6765.0,2024-06-03,customer remorse
907,20086.0,2024-09-27,damaged
908,27341.0,2023-02-21,defective
909,35112.0,2024-07-28,damaged
910,34672.0,2023-10-15,damaged
911,28152.0,2022-06-14,customer remorse
912,2555.0,2025-05-11,customer remorse
913,29198.0,2023-11-23,customer remorse
914,34859.0,2023-12-17,wrong item
915,19961.0,2023-12-29,defective
916,30870.0,2024-05-08,customer remorse
917,801.0,2024-12-31,late delivery
918,30989.0,2025-06-05,late delivery
919,12986.0,2024-08-22,damaged
920,9342.0,2024-11-07,late delivery
921,7156.0,2025-03-13,late delivery
922,34478.0,2022-05-11,late delivery
923,16089.0,2025-10-05,wrong item
924,20473.0,2024-05-02,customer remorse
925,1435.0,2024-06-26,customer remorse
926,9360.0,2022-11-12,wrong item
927,24086.0,2024-12-08,late delivery
928,26362.0,2023-04-29,late delivery
929,34342.0,2023-04-10,defective
930,29780.0,2022-02-27,wrong item
931,18159.0,2022-12-20,defective
932,22617.0,2024-02-27,damaged
933,30079.0,2023-06-11,customer remorse
934,15490.0,2024-09-18,wrong item
935,22633.0,2024-08-09,defective
936,17361.0,2022-01-30,late delivery
937,24662.0,2022-02-15,wrong item
938,8019.0,2023-06-22,wrong item
939,4789.0,2024-04-06,damaged
940,17547.0,2025-06-18,wrong item
941,35944.0,2023-01-23,damaged
942,22261.0,2022-10-18,damaged
943,17182.0,2025-02-28,late delivery
944,18211.0,2024-02-11,wrong item
945,26757.0,2025-01-15,customer remorse
946,21220.0,2023-07-27,defective
947,35205.0,2022-02-12,late delivery
948,11715.0,2025-06-16,wrong item
949,22580.0,2022-10-14,wrong item
950,11102.0,2025-09-16,wrong item
951,31609.0,2022-09-29,defective
952,24652.0,2022-05-06,wrong item
953,10479.0,2023-08-16,late delivery
954,28612.0,2022-09-21,wrong item
955,31311.0,2024-01-20,wrong item
956,16629.0,2023-01-28,wrong item
957,18395.0,2024-10-09,defective
958,34552.0,2022-01-19,defective
959,20296.0,2022-05-27,defective
960,12913.0,2022-12-03,late delivery
961,15011.0,2025-06-29,customer remorse
962,587.0,2025-02-18,defective
963,3501.0,2024-02-28,customer remorse
964,19905.0,2023-02-19,damaged
965,2888.0,2024-04-24,late delivery
966,32445.0,2025-05-31,defective
967,31148.0,2022-01-07,wrong item
968,8617.0,2022-11-09,defective
969,8942.0,2022-10-25,wrong item
970,15462.0,2023-02-14,late delivery
971,35405.0,2024-11-08,damaged
972,30143.0,2025-11-04,late delivery
973,31876.0,2025-02-03,defective
974,9389.0,2022-08-04,late delivery
975,16284.0,2022-11-15,customer remorse
976,34901.0,2022-03-07,wrong item
977,6884.0,2023-03-28,customer remorse
978,8863.0,2022-04-03,wrong item
979,30327.0,2023-01-07,late delivery
980,29562.0,2025-08-11,late delivery
981,25982.0,2025-10-18,late delivery
982,31497.0,2023-02-28,wrong item
983,29754.0,2022-06-14,wrong item
984,15904.0,2023-06-03,late delivery
985,2934.0,2025-03-23,wrong item
986,13146.0,2022-11-17,defective
987,9092.0,2023-08-05,wrong item
988,33120.0,2022-05-05,defective
989,3967.0,2022-06-01,customer remorse
990,21499.0,2022-08-23,damaged
991,25667.0,2024-02-23,customer remorse
992,19396.0,2023-12-11,damaged
993,10613.0,2023-08-29,damaged
994,4944.0,2023-09-23,late delivery
995,32639.0,2022-12-22,wrong item
996,30473.0,2023-06-11,wrong item
997,28437.0,2024-04-17,late delivery
998,19339.0,2024-09-03,defective
999,16060.0,2023-07-28,damaged
1000,1767.0,2022-06-02,damaged
1001,30593.0,2025-02-19,damaged
1002,20347.0,2023-01-31,late delivery
1003,19900.0,2025-04-01,damaged
1004,32979.0,2022-10-05,late delivery
1005,21134.0,2024-12-11,late delivery
1006,15959.0,2022-08-04,wrong item
1007,16340.0,2022-07-07,customer remorse
1008,25130.0,2025-10-01,wrong item
1009,24860.0,2022-11-12,wrong item
1010,26077.0,2025-01-17,customer remorse
1011,3525.0,2024-11-03,wrong item
1012,27705.0,2025-11-19,wrong item
1013,15344.0,2025-04-05,late delivery
1014,9671.0,2024-12-01,customer remorse
1015,28139.0,2022-02-22,damaged
1016,423.0,2025-08-02,damaged
1017,18179.0,2025-04-11,defective
1018,34609.0,2022-11-18,damaged
1019,35339.0,2024-04-30,wrong item
1020,28341.0,2023-11-26,defective
1021,4192.0,2022-07-18,damaged
1022,33020.0,2022-04-15,wrong item
1023,33286.0,2025-04-07,customer remorse
1024,30535.0,2024-09-04,late delivery
1025,29987.0,2024-09-15,late delivery
1026,1829.0,2024-12-12,wrong item
1027,4124.0,2023-12-23,wrong item
1028,10576.0,2025-06-05,customer remorse
1029,5906.0,2024-08-20,damaged
1030,4041.0,2024-05-29,customer remorse
1031,27904.0,2022-05-06,damaged
1032,8833.0,2025-08-03,damaged
1033,3904.0,2024-03-09,customer remorse
1034,21358.0,2024-12-27,defective
1035,6351.0,2025-08-28,wrong item
1036,25070.0,2025-01-06,customer remorse
1037,1515.0,2022-05-06,wrong item
1038,10581.0,2022-11-16,wrong item
1039,20578.0,2023-01-17,customer remorse
1040,31149.0,2024-02-17,defective
1041,4574.0,2023-08-28,customer remorse
1042,12844.0,2025-03-04,late delivery
1043,28769.0,2024-11-08,late delivery
1044,23652.0,2025-08-31,defective
1045,32752.0,2024-01-05,damaged
1046,18539.0,2024-04-01,defective
1047,29615.0,2022-09-18,wrong item
1048,28519.0,2024-06-10,customer remorse
1049,1028.0,2024-05-28,late delivery
1050,8020.0,2024-10-21,damaged
1051,14540.0,2024-03-20,defective
1052,15205.0,2023-02-27,wrong item
1053,9081.0,2025-03-19,damaged
1054,11857.0,2022-11-13,customer remorse
1055,35130.0,2025-09-23,late delivery
1056,23777.0,2023-07-22,customer remorse
1057,20842.0,2023-06-11,damaged
1058,34636.0,2024-12-27,damaged
1059,16167.0,2022-08-18,late delivery
1060,429.0,2022-02-24,customer remorse
1061,30633.0,2025-11-28,defective
1062,18954.0,2023-04-02,wrong item
1063,33149.0,2023-06-19,customer remorse
1064,23489.0,2023-11-21,wrong item
1065,23055.0,2022-03-30,damaged
1066,20939.0,2023-08-05,defective
1067,15390.0,2023-11-27,late delivery
1068,2590.0,2023-06-19,customer remorse
1069,1903.0,2025-06-04,customer remorse
1070,21681.0,2024-07-18,defective
1071,11832.0,2023-09-16,late delivery
1072,32155.0,2025-06-18,customer remorse
1073,25236.0,2025-12-03,customer remorse
1074,2949.0,2024-03-22,customer remorse
1075,33935.0,2022-02-01,defective
1076,33893.0,2024-05-14,damaged
1077,1386.0,2025-02-11,wrong item
1078,16242.0,2023-10-20,wrong item
1079,10298.0,2024-12-15,customer remorse
1080,7431.0,2022-09-15,wrong item
1081,11359.0,2022-09-21,late delivery
1082,12474.0,2022-07-20,defective
1083,11361.0,2023-08-11,late delivery
1084,31551.0,2025-02-06,wrong item
1085,19356.0,2023-10-13,customer remorse
1086,25236.0,2025-05-26,customer remorse
1087,24201.0,2024-03-23,wrong item
1088,23968.0,2022-09-15,damaged
1089,32330.0,2023-02-02,wrong item
1090,26450.0,2024-08-22,damaged
1091,10116.0,2023-06-24,customer remorse
1092,35083.0,2024-12-30,customer remorse
1093,17338.0,2024-05-31,defective
1094,19.0,2025-08-12,customer remorse
1095,25966.0,2022-08-19,defective
1096,35053.0,2023-05-08,damaged
1097,27832.0,2023-11-05,late delivery
1098,3824.0,2025-04-21,wrong item
1099,5693.0,2023-09-29,customer remorse
1100,5883.0,2025-05-13,wrong item
1101,27866.0,2024-08-19,damaged
1102,26832.0,2023-04-21,customer remorse
1103,5145.0,2024-01-21,defective
1104,12552.0,2025-04-23,customer remorse
1105,12426.0,2022-07-29,wrong item
1106,13590.0,2025-03-10,customer remorse
1107,21332.0,2024-08-04,wrong item
1108,6186.0,2025-01-26,defective
1109,27705.0,2025-04-29,defective
1110,9742.0,2024-04-17,damaged
1111,10700.0,2024-07-29,customer remorse
1112,33445.0,2023-06-02,customer remorse
1113,32753.0,2022-06-22,wrong item
1114,30660.0,2024-02-25,customer remorse
1115,17605.0,2024-11-29,customer remorse
1116,8547.0,2024-01-13,wrong item
1117,19716.0,2023-08-19,defective
1118,8942.0,2025-07-13,customer remorse
1119,12659.0,2025-09-01,damaged
1120,2470.0,2022-11-24,wrong item
1121,23494.0,2025-09-10,damaged
1122,35437.0,2022-10-04,damaged
1123,17287.0,2025-10-22,defective
1124,4474.0,2024-11-04,defective
1125,21983.0,2022-03-20,customer remorse
1126,2455.0,2022-09-15,damaged
1127,22001.0,2022-01-17,customer remorse
1128,3765.0,2025-07-29,wrong item
1129,32544.0,2024-07-21,wrong item
1130,19393.0,2025-09-23,damaged
1131,23562.0,2025-10-09,damaged
1132,21322.0,2024-11-08,customer remorse
1133,19963.0,2022-02-13,wrong item
1134,35923.0,2023-03-17,damaged
1135,349.0,2024-06-07,wrong item
1136,33752.0,2023-03-03,damaged
1137,16738.0,2022-07-08,customer remorse
1138,32504.0,2022-09-24,wrong item
1139,15800.0,2025-12-01,damaged
1140,21701.0,2022-12-02,late delivery
1141,14702.0,2024-07-28,wrong item
1142,5221.0,2023-08-19,late delivery
1143,21724.0,2024-12-26,customer remorse
1144,11608.0,2023-03-29,damaged
1145,3344.0,2025-07-08,defective
1146,16821.0,2023-06-15,late delivery
1147,6672.0,2025-06-26,customer remorse
1148,28253.0,2025-01-18,customer remorse
1149,10650.0,2024-01-28,late delivery
1150,30689.0,2023-09-24,defective
1151,35586.0,2024-06-29,wrong item
1152,26988.0,2024-02-14,late delivery
1153,23685.0,2023-05-12,defective
1154,8524.0,2022-02-26,late delivery
1155,16388.0,2022-12-19,damaged
1156,6878.0,2023-03-22,wrong item
1157,34942.0,2023-04-15,wrong item
1158,13563.0,2025-09-09,wrong item
1159,12575.0,2025-10-12,wrong item
1160,9381.0,2024-01-31,late delivery
1161,7446.0,2023-05-11,wrong item
1162,32751.0,2023-11-14,wrong item
1163,22611.0,2023-09-20,defective
1164,21498.0,2023-02-12,wrong item
1165,3408.0,2024-10-17,wrong item
1166,8262.0,2024-10-21,damaged
1167,30845.0,2022-03-03,late delivery
1168,23277.0,2023-06-01,customer remorse
1169,1375.0,2022-09-06,customer remorse
1170,28679.0,2024-10-24,customer remorse
1171,3874.0,2024-11-16,defective
1172,30758.0,2024-01-30,defective
1173,17741.0,2022-08-09,wrong item
1174,25605.0,2025-07-12,late delivery
1175,4339.0,2025-02-13,wrong item
1176,27450.0,2025-11-20,defective
1177,11464.0,2023-05-08,damaged
1178,30350.0,2024-01-09,defective
1179,35980.0,2023-12-15,customer remorse
1180,860.0,2024-03-03,defective
1181,4054.0,2022-09-29,late delivery
1182,3052.0,2025-07-30,defective
1183,31841.0,2025-09-19,damaged
1184,11212.0,2022-04-04,defective
1185,25118.0,2024-03-25,damaged
1186,11553.0,2025-10-18,defective
1187,8381.0,2025-03-27,defective
1188,987.0,2022-05-21,late delivery
1189,4025.0,2025-11-04,damaged
1190,35314.0,2022-04-14,customer remorse
1191,33503.0,2024-12-10,damaged
1192,12031.0,2024-10-01,wrong item
1193,10246.0,2025-05-29,late delivery
1194,28430.0,2023-10-14,defective
1195,24663.0,2024-09-23,late delivery
1196,18871.0,2022-10-13,customer remorse
1197,28706.0,2025-11-17,late delivery
1198,33600.0,2023-03-17,defective
1199,35358.0,2025-08-07,late delivery
1200,6322.0,2023-06-09,late delivery
1201,7394.0,2023-04-13,customer remorse
1202,4330.0,2025-06-14,wrong item
1203,8588.0,2024-08-01,wrong item
1204,2376.0,2022-10-01,customer remorse
1205,32574.0,2023-03-02,wrong item
1206,31698.0,2025-06-25,late delivery
1207,13094.0,2023-03-12,defective
1208,27149.0,2024-10-18,late delivery
1209,35379.0,2023-08-16,customer remorse
1210,9725.0,2024-03-08,defective
1211,22993.0,2025-01-03,defective
1212,18132.0,2024-07-31,defective
1213,11892.0,2023-04-29,late delivery
1214,28524.0,2022-08-20,late delivery
1215,23921.0,2023-12-31,damaged
1216,28241.0,2025-10-15,damaged
1217,23690.0,2024-05-27,late delivery
1218,21948.0,2022-03-23,damaged
1219,35654.0,2022-10-22,damaged
1220,23016.0,2022-06-12,late delivery
1221,9198.0,2022-12-15,late delivery
1222,20439.0,2023-02-06,damaged
1223,8314.0,2025-10-09,late delivery
1224,24796.0,2023-06-16,wrong item
1225,12532.0,2023-05-15,wrong item
1226,23767.0,2024-02-25,damaged
1227,20492.0,2025-05-03,late delivery
1228,1330.0,2024-05-27,late delivery
1229,13828.0,2025-10-20,damaged
1230,16200.0,2025-08-09,defective
1231,23949.0,2025-05-05,late delivery
1232,6856.0,2024-02-09,late delivery
1233,18007.0,2025-04-10,defective
1234,1129.0,2022-03-05,late delivery
1235,13492.0,2022-02-08,defective
1236,26839.0,2024-01-24,wrong item
1237,29996.0,2022-08-12,late delivery
1238,17727.0,2023-12-11,damaged
1239,4191.0,2023-06-19,damaged
1240,30680.0,2024-01-22,defective
1241,26586.0,2025-05-29,wrong item
1242,5615.0,2024-10-18,customer remorse
1243,8820.0,2023-08-05,damaged
1244,33748.0,2022-09-06,damaged
1245,28440.0,2025-06-08,wrong item
1246,21666.0,2022-12-11,damaged
1247,18004.0,2024-10-30,customer remorse
1248,5054.0,2022-03-02,customer remorse
1249,20992.0,2025-09-20,wrong item
1250,2241.0,2025-05-29,damaged
1251,8004.0,2023-02-14,wrong item
1252,11697.0,2024-12-20,late delivery
1253,35440.0,2025-02-17,damaged
1254,23110.0,2023-06-11,defective
1255,34120.0,2023-01-26,late delivery
1256,4295.0,2024-10-03,late delivery
1257,6811.0,2023-05-22,defective
1258,3448.0,2023-01-08,wrong item
1259,33446.0,2023-06-11,wrong item
1260,9275.0,2022-07-28,wrong item
1261,12082.0,2024-10-11,wrong item
1262,11827.0,2024-06-18,wrong item
1263,12139.0,2022-05-18,wrong item
1264,24482.0,2023-12-17,late delivery
1265,2457.0,2023-02-26,customer remorse
1266,4384.0,2022-02-17,customer remorse
1267,17067.0,2022-11-16,wrong item
1268,5095.0,2023-04-02,late delivery
1269,9544.0,2023-05-27,late delivery
1270,23473.0,2025-08-04,damaged
1271,1049.0,2024-02-26,damaged
1272,15334.0,2022-05-31,late delivery
1273,17363.0,2022-04-09,damaged
1274,22248.0,2025-09-29,defective
1275,2162.0,2025-09-11,damaged
1276,24195.0,2023-11-18,defective
1277,17642.0,2023-10-20,damaged
1278,28090.0,2024-01-12,wrong item
1279,20386.0,2025-10-06,late delivery
1280,30832.0,2024-02-17,wrong item
1281,20845.0,2023-11-24,customer remorse
1282,21562.0,2025-06-09,defective
1283,16051.0,2025-10-06,defective
1284,5921.0,2023-05-23,customer remorse
1285,10086.0,2023-06-24,late delivery
1286,7273.0,2023-04-11,defective
1287,21971.0,2023-07-15,late delivery
1288,32713.0,2024-07-12,defective
1289,16839.0,2023-01-17,defective
1290,21686.0,2024-12-11,defective
1291,19706.0,2023-02-20,late delivery
1292,30965.0,2024-12-26,damaged
1293,3653.0,2022-01-03,damaged
1294,30185.0,2023-08-28,customer remorse
1295,33935.0,2022-02-10,late delivery
1296,32506.0,2024-10-21,customer remorse
1297,28052.0,2022-07-04,damaged
1298,10847.0,2024-07-10,wrong item
1299,27027.0,2022-07-01,wrong item
1300,14366.0,2024-09-08,damaged
1301,24464.0,2022-02-03,late delivery
1302,28175.0,2025-09-29,customer remorse
1303,20751.0,2022-03-15,damaged
1304,29492.0,2024-08-13,defective
1305,17779.0,2024-03-05,customer remorse
1306,21807.0,2022-07-11,defective
1307,21056.0,2022-01-10,customer remorse
1308,1542.0,2022-08-25,customer remorse
1309,31059.0,2022-09-02,late delivery
1310,11850.0,2023-04-25,defective
1311,3312.0,2023-09-28,wrong item
1312,15925.0,2022-03-04,customer remorse
1313,16574.0,2023-11-08,defective
1314,11884.0,2024-06-23,customer remorse
1315,403.0,2023-07-27,wrong item
1316,20508.0,2024-04-04,defective
1317,15398.0,2023-08-02,customer remorse
1318,35068.0,2024-09-10,defective
1319,32192.0,2025-06-21,customer remorse
1320,517.0,2025-10-04,late delivery
1321,29971.0,2022-01-08,late delivery
1322,29643.0,2024-02-19,customer remorse
1323,12512.0,2022-12-06,defective
1324,24182.0,2024-07-06,wrong item
1325,12084.0,2023-03-09,wrong item
1326,29515.0,2022-02-02,late delivery
1327,17962.0,2022-07-05,customer remorse
1328,421.0,2022-11-25,damaged
1329,32786.0,2025-06-10,defective
1330,3075.0,2025-10-30,damaged
1331,2967.0,2023-05-04,damaged
1332,32675.0,2024-05-12,damaged
1333,33807.0,2024-07-27,wrong item
1334,17390.0,2024-12-21,wrong item
1335,1976.0,2023-02-09,late delivery
1336,4631.0,2022-11-11,late delivery
1337,33518.0,2023-08-17,late delivery
1338,18543.0,2023-07-13,defective
1339,32085.0,2022-11-27,damaged
1340,6994.0,2025-03-29,wrong item
1341,29130.0,2023-03-04,defective
1342,2838.0,2024-09-04,late delivery
1343,17027.0,2025-02-16,damaged
1344,31963.0,2022-02-02,late delivery
1345,2534.0,2023-10-24,defective
1346,11923.0,2023-07-08,defective
1347,12837.0,2023-11-26,wrong item
1348,28876.0,2025-09-22,wrong item
1349,11857.0,2025-06-12,defective
1350,13330.0,2022-12-31,customer remorse
1351,29912.0,2023-11-26,wrong item
1352,3662.0,2025-06-26,customer remorse
1353,29810.0,2024-03-27,damaged
1354,19710.0,2023-12-27,late delivery
1355,23013.0,2024-07-01,customer remorse
1356,8924.0,2022-08-13,damaged
1357,511.0,2022-05-16,wrong item
1358,9559.0,2025-04-29,late delivery
1359,4795.0,2025-11-11,defective
1360,33179.0,2025-11-11,wrong item
1361,25293.0,2024-08-23,damaged
1362,17878.0,2022-09-12,customer remorse
1363,2243.0,2024-04-17,customer remorse
1364,34790.0,2022-07-24,late delivery
1365,21077.0,2024-06-10,wrong item
1366,28245.0,2024-12-19,defective
1367,6688.0,2025-06-23,customer remorse
1368,7625.0,2023-02-20,defective
1369,18880.0,2023-03-16,defective
1370,24158.0,2023-05-22,wrong item
1371,32824.0,2024-05-25,defective
1372,4485.0,2022-11-29,wrong item
1373,21714.0,2022-05-08,customer remorse
1374,579.0,2024-03-16,late delivery
1375,8387.0,2023-03-14,customer remorse
1376,26229.0,2025-07-01,wrong item
1377,35409.0,2024-05-13,defective
1378,20153.0,2025-10-01,late delivery
1379,6437.0,2024-02-24,customer remorse
1380,31463.0,2023-01-01,late delivery
1381,13876.0,2023-02-27,defective
1382,29618.0,2023-10-30,wrong item
1383,14466.0,2024-07-11,wrong item
1384,15668.0,2022-04-11,customer remorse
1385,25155.0,2024-11-24,late delivery
1386,27212.0,2023-05-24,late delivery
1387,23174.0,2025-01-23,defective
1388,4094.0,2025-07-29,customer remorse
1389,17756.0,2022-11-11,late delivery
1390,313.0,2025-05-06,customer remorse
1391,32442.0,2025-05-26,damaged
1392,12920.0,2022-08-31,wrong item
1393,15629.0,2022-04-09,defective
1394,33196.0,2023-03-26,defective
1395,9888.0,2024-09-16,customer remorse
1396,8921.0,2023-06-14,defective
1397,26774.0,2022-11-23,customer remorse
1398,15678.0,2023-07-21,damaged
1399,3549.0,2025-08-14,damaged
1400,32817.0,2024-05-01,wrong item
1401,17969.0,2022-06-07,damaged
1402,17355.0,2025-10-24,late delivery
1403,22063.0,2023-09-03,damaged
1404,24225.0,2024-11-15,damaged
1405,23228.0,2024-04-24,damaged
1406,8354.0,2024-04-28,late delivery
1407,22328.0,2025-03-07,wrong item
1408,8490.0,2024-05-25,defective
1409,3138.0,2022-04-25,damaged
1410,250.0,2024-07-20,defective
1411,12833.0,2023-02-20,wrong item
1412,3424.0,2023-05-06,damaged
1413,32685.0,2025-07-26,defective
1414,17041.0,2022-05-27,late delivery
1415,23295.0,2025-09-25,defective
1416,12007.0,2023-05-13,late delivery
1417,21474.0,2024-04-01,wrong item
1418,14399.0,2023-02-27,damaged
1419,5413.0,2025-02-11,customer remorse
1420,12417.0,2023-05-18,damaged
1421,19762.0,2024-12-01,customer remorse
1422,32386.0,2024-02-12,wrong item
1423,10281.0,2022-10-29,wrong item
1424,28942.0,2025-04-08,customer remorse
1425,17548.0,2022-05-16,wrong item
1426,24108.0,2022-11-07,customer remorse
1427,20390.0,2025-11-18,damaged
1428,31867.0,2023-03-05,damaged
1429,34410.0,2025-05-01,wrong item
1430,5062.0,2024-10-27,late delivery
1431,33819.0,2022-09-29,defective
1432,22412.0,2024-11-10,damaged
1433,22259.0,2024-04-11,customer remorse
1434,26854.0,2022-01-15,wrong item
1435,28908.0,2024-03-06,defective
1436,21059.0,2024-08-06,customer remorse
1437,29816.0,2023-09-21,wrong item
1438,22138.0,2023-09-20,late delivery
1439,7330.0,2025-06-15,damaged
1440,26493.0,2023-10-29,wrong item
1441,2984.0,2022-06-23,damaged
1442,4781.0,2022-04-14,customer remorse
1443,1231.0,2024-06-21,customer remorse
1444,31789.0,2024-04-07,wrong item
1445,1906.0,2022-01-08,late delivery
1446,5388.0,2025-01-11,customer remorse
1447,34715.0,2025-02-15,late delivery
1448,19191.0,2025-09-04,late delivery
1449,9751.0,2022-01-16,late delivery
1450,1864.0,2022-07-12,damaged
1451,4169.0,2025-04-24,defective
1452,18755.0,2023-09-08,damaged
1453,4580.0,2023-12-24,late delivery
1454,28615.0,2022-11-03,wrong item
1455,7538.0,2023-11-16,defective
1456,28906.0,2022-07-17,damaged
1457,18914.0,2022-07-02,wrong item
1458,34076.0,2022-04-27,wrong item
1459,33816.0,2024-10-27,late delivery
1460,14727.0,2022-02-23,wrong item
1461,21902.0,2025-05-16,defective
1462,21772.0,2025-09-27,damaged
1463,2816.0,2023-05-06,late delivery
1464,32090.0,2023-12-21,late delivery
1465,16404.0,2023-05-12,defective
1466,29046.0,2025-02-13,customer remorse
1467,16408.0,2022-09-17,customer remorse
1468,26675.0,2022-12-27,defective
1469,9108.0,2023-04-03,defective
1470,23079.0,2023-03-26,late delivery
1471,33006.0,2023-05-12,damaged
1472,1458.0,2022-06-26,customer remorse
1473,19413.0,2024-01-01,customer remorse
1474,28090.0,2024-10-29,customer remorse
1475,8534.0,2024-07-27,late delivery
1476,28038.0,2024-06-26,late delivery
1477,18919.0,2024-09-02,damaged
1478,34382.0,2023-08-19,wrong item
1479,32215.0,2022-04-04,damaged
1480,33907.0,2023-07-21,damaged
1481,17039.0,2023-09-10,damaged
1482,4973.0,2022-08-11,wrong item
1483,26676.0,2025-04-12,late delivery
1484,35514.0,2023-10-25,damaged
1485,31928.0,2025-05-01,defective
1486,11798.0,2024-12-01,damaged
1487,24723.0,2022-07-24,late delivery
1488,28789.0,2024-09-21,defective
1489,16773.0,2022-12-24,damaged
1490,11394.0,2024-05-04,damaged
1491,17272.0,2025-06-26,customer remorse
1492,17843.0,2023-11-03,late delivery
1493,1278.0,2023-02-13,wrong item
1494,15358.0,2025-11-29,damaged
1495,810.0,2023-12-23,wrong item
1496,13384.0,2022-06-06,damaged
1497,5377.0,2022-12-22,late delivery
1498,23221.0,2024-10-18,damaged
1499,5957.0,2022-05-18,customer remorse
1500,6554.0,2024-03-02,damaged
1501,18370.0,2025-06-28,damaged
1502,9196.0,2023-04-13,customer remorse
1503,13284.0,2023-05-27,damaged
1504,25522.0,2023-12-12,defective
1505,9733.0,2024-09-30,damaged
1506,16241.0,2023-02-10,wrong item
1507,30985.0,2022-04-09,late delivery
1508,1123.0,2024-05-15,defective
1509,5008.0,2024-01-12,defective
1510,21887.0,2024-11-24,defective
1511,5677.0,2025-01-07,defective
1512,24391.0,2023-07-14,defective
1513,8351.0,2023-11-23,damaged
1514,12128.0,2023-04-28,damaged
1515,28602.0,2025-11-26,defective
1516,19460.0,2025-05-19,wrong item
1517,494.0,2022-05-26,defective
1518,23169.0,2022-03-06,wrong item
1519,17256.0,2023-01-20,customer remorse
1520,10961.0,2022-10-06,damaged
1521,15867.0,2022-08-12,defective
1522,26435.0,2024-03-21,wrong item
1523,2443.0,2024-07-19,customer remorse
1524,6894.0,2023-06-02,damaged
1525,30636.0,2025-07-18,damaged
1526,28195.0,2024-01-11,customer remorse
1527,33468.0,2025-05-16,defective
1528,431.0,2024-08-15,customer remorse
1529,5016.0,2024-05-15,customer remorse
1530,5919.0,2024-11-10,wrong item
1531,26892.0,2023-08-12,late delivery
1532,16978.0,2022-11-22,late delivery
1533,23290.0,2024-09-12,customer remorse
1534,6233.0,2025-05-22,defective
1535,3816.0,2023-01-09,defective
1536,21747.0,2022-10-10,customer remorse
1537,30279.0,2022-03-23,wrong item
1538,35507.0,2025-06-19,customer remorse
1539,1876.0,2022-02-16,late delivery
1540,18716.0,2024-02-14,late delivery
1541,5481.0,2023-02-25,late delivery
1542,21380.0,2023-02-07,damaged
1543,124.0,2024-01-13,customer remorse
1544,23394.0,2025-01-17,late delivery
1545,20246.0,2025-03-31,wrong item
1546,13658.0,2022-12-07,defective
1547,2441.0,2025-02-16,damaged
1548,20484.0,2024-10-05,defective
1549,19877.0,2025-09-01,damaged
1550,30563.0,2025-03-19,defective
1551,10195.0,2024-09-23,wrong item
1552,23780.0,2024-06-03,defective
1553,12801.0,2022-06-16,late delivery
1554,21581.0,2023-01-16,damaged
1555,27457.0,2024-05-16,damaged
1556,3367.0,2023-10-07,late delivery
1557,31474.0,2025-07-08,defective
1558,8022.0,2025-01-05,late delivery
1559,17066.0,2023-02-28,customer remorse
1560,20918.0,2023-04-30,customer remorse
1561,7051.0,2022-10-01,defective
1562,11723.0,2023-11-21,damaged
1563,10930.0,2025-05-26,late delivery
1564,35468.0,2023-05-13,wrong item
1565,17643.0,2025-05-10,defective
1566,22296.0,2025-10-17,customer remorse
1567,24197.0,2022-03-25,damaged
1568,5529.0,2022-10-11,late delivery
1569,22823.0,2024-05-12,wrong item
1570,22389.0,2024-05-01,customer remorse
1571,19245.0,2022-01-01,damaged
1572,13972.0,2025-01-10,late delivery
1573,27080.0,2023-08-05,defective
1574,34039.0,2022-09-08,defective
1575,14270.0,2023-06-05,wrong item
1576,29712.0,2025-08-22,wrong item
1577,9999.0,2025-04-26,wrong item
1578,1596.0,2025-10-26,late delivery
1579,17524.0,2024-08-21,late delivery
1580,24090.0,2022-06-18,late delivery
1581,218.0,2022-07-31,customer remorse
1582,22220.0,2025-05-15,damaged
1583,5725.0,2023-02-25,late delivery
1584,15319.0,2022-08-28,wrong item
1585,10278.0,2022-09-24,customer remorse
1586,11139.0,2023-10-25,customer remorse
1587,8101.0,2024-02-14,customer remorse
1588,7934.0,2022-01-06,damaged
1589,19887.0,2024-03-16,defective
1590,14134.0,2024-12-17,defective
1591,19770.0,2022-01-01,wrong item
1592,14219.0,2023-05-31,wrong item
1593,34673.0,2025-06-26,late delivery
1594,9599.0,2024-04-27,customer remorse
1595,18718.0,2023-05-21,late delivery
1596,5467.0,2025-04-17,late delivery
1597,9924.0,2024-05-12,defective
1598,27348.0,2022-06-21,defective
1599,168.0,2022-10-04,wrong item
1600,32204.0,2025-06-19,damaged
1601,1699.0,2023-02-23,wrong item
1602,16235.0,2022-06-08,wrong item
1603,5553.0,2023-06-12,late delivery
1604,29990.0,2023-03-22,late delivery
1605,22089.0,2022-08-04,damaged
1606,14237.0,2023-11-22,defective
1607,18645.0,2023-01-19,wrong item
1608,11045.0,2025-11-28,wrong item
1609,30664.0,2022-12-17,customer remorse
1610,31380.0,2023-09-29,wrong item
1611,31721.0,2025-12-03,customer remorse
1612,23694.0,2025-02-24,late delivery
1613,20450.0,2024-09-01,customer remorse
1614,30676.0,2023-10-17,wrong item
1615,14200.0,2022-04-16,damaged
1616,28964.0,2023-05-06,customer remorse
1617,31092.0,2024-12-02,defective
1618,1608.0,2025-02-09,defective
1619,18181.0,2023-05-21,wrong item
1620,12017.0,2023-04-17,customer remorse
1621,15181.0,2024-05-25,late delivery
1622,26341.0,2022-08-17,defective
1623,16512.0,2024-06-18,wrong item
1624,28510.0,2024-06-01,damaged
1625,33514.0,2022-07-24,damaged
1626,4182.0,2022-03-12,late delivery
1627,17877.0,2024-01-27,wrong item
1628,4868.0,2023-09-14,wrong item
1629,9365.0,2023-10-13,customer remorse
1630,16271.0,2022-08-30,customer remorse
1631,16720.0,2025-04-20,damaged
1632,26927.0,2023-06-21,customer remorse
1633,7643.0,2022-04-30,wrong item
1634,1316.0,2022-03-16,damaged
1635,28147.0,2023-02-21,late delivery
1636,3546.0,2025-03-21,wrong item
1637,31813.0,2024-08-26,defective
1638,22834.0,2025-09-03,wrong item
1639,13725.0,2023-09-22,damaged
1640,18066.0,2025-07-01,wrong item
1641,8467.0,2023-06-27,customer remorse
1642,15375.0,2024-01-21,wrong item
1643,12468.0,2023-04-30,late delivery
1644,24339.0,2023-09-17,late delivery
1645,9898.0,2024-04-16,damaged
1646,18450.0,2024-02-09,late delivery
1647,20773.0,2023-05-11,damaged
1648,19098.0,2024-07-25,late delivery
1649,8637.0,2024-02-11,late delivery
1650,11777.0,2022-05-27,customer remorse
1651,1472.0,2024-04-01,damaged
1652,35757.0,2022-11-26,defective
1653,26392.0,2024-10-11,damaged
1654,17164.0,2023-02-06,defective
1655,7741.0,2023-04-21,damaged
1656,24956.0,2025-06-03,late delivery
1657,27934.0,2024-08-11,defective
1658,26220.0,2024-05-27,damaged
1659,35606.0,2022-12-11,wrong item
1660,8649.0,2024-08-04,damaged
1661,5211.0,2023-12-08,defective
1662,13529.0,2025-11-08,damaged
1663,22605.0,2025-08-23,wrong item
1664,2253.0,2024-12-06,customer remorse
1665,2812.0,2024-06-04,wrong item
1666,969.0,2024-11-05,wrong item
1667,25110.0,2024-08-21,defective
1668,7857.0,2025-08-21,wrong item
1669,5348.0,2022-11-02,late delivery
1670,12298.0,2022-11-29,damaged
1671,22111.0,2025-05-18,damaged
1672,10725.0,2023-03-25,customer remorse
1673,18050.0,2024-02-22,late delivery
1674,29396.0,2024-10-12,customer remorse
1675,15190.0,2024-08-29,customer remorse
1676,26497.0,2022-08-02,defective
1677,29943.0,2022-06-13,late delivery
1678,29760.0,2024-03-04,defective
1679,8345.0,2025-01-04,late delivery
1680,9948.0,2022-09-24,late delivery
1681,35844.0,2022-04-07,damaged
1682,32207.0,2024-04-01,late delivery
1683,10780.0,2025-08-17,wrong item
1684,610.0,2022-06-03,wrong item
1685,24453.0,2022-08-30,damaged
1686,27151.0,2025-08-16,customer remorse
1687,13643.0,2023-07-30,late delivery
1688,2518.0,2022-09-27,defective
1689,12331.0,2022-03-15,customer remorse
1690,8732.0,2022-10-02,damaged
1691,11143.0,2023-07-30,customer remorse
1692,27786.0,2023-12-05,late delivery
1693,24874.0,2025-03-18,wrong item
1694,24828.0,2025-11-16,customer remorse
1695,9870.0,2024-01-26,defective
1696,5702.0,2024-10-01,defective
1697,26302.0,2022-11-24,wrong item
1698,6225.0,2023-02-28,customer remorse
1699,32580.0,2025-04-05,defective
1700,266.0,2023-08-21,wrong item
1701,34164.0,2025-07-16,defective
1702,21432.0,2022-03-11,damaged
1703,19998.0,2025-11-18,defective
1704,13860.0,2022-01-15,defective
1705,14726.0,2024-10-12,customer remorse
1706,12263.0,2025-05-10,late delivery
1707,6850.0,2022-02-24,damaged
1708,35629.0,2024-07-09,late delivery
1709,22663.0,2025-01-11,wrong item
1710,23330.0,2025-11-11,late delivery
1711,3876.0,2023-08-04,defective
1712,12450.0,2023-01-23,customer remorse
1713,13709.0,2023-08-11,damaged
1714,11143.0,2023-10-04,customer remorse
1715,23800.0,2022-10-01,late delivery
1716,23029.0,2025-02-11,customer remorse
1717,2124.0,2023-01-05,late delivery
1718,29438.0,2022-09-06,wrong item
1719,26060.0,2024-07-30,late delivery
1720,28499.0,2023-10-16,damaged
1721,26140.0,2024-07-14,defective
1722,23238.0,2023-02-28,damaged
1723,30894.0,2024-12-21,late delivery
1724,26135.0,2024-02-01,defective
1725,24319.0,2022-08-02,customer remorse
1726,24779.0,2022-04-23,damaged
1727,18828.0,2022-03-27,damaged
1728,26331.0,2025-02-16,wrong item
1729,15899.0,2024-06-14,customer remorse
1730,2864.0,2023-11-26,damaged
1731,3684.0,2023-12-11,customer remorse
1732,35504.0,2023-04-23,wrong item
1733,30028.0,2022-07-13,damaged
1734,17443.0,2022-08-07,wrong item
1735,16802.0,2024-02-12,damaged
1736,30645.0,2022-11-28,damaged
1737,9244.0,2025-07-06,late delivery
1738,19252.0,2024-10-31,damaged
1739,3841.0,2025-01-14,wrong item
1740,32907.0,2022-11-23,defective
1741,17405.0,2022-07-18,wrong item
1742,11051.0,2022-05-05,damaged
1743,32102.0,2022-06-17,late delivery
1744,26207.0,2024-04-11,late delivery
1745,32093.0,2022-03-04,late delivery
1746,9253.0,2022-06-22,defective
1747,95.0,2022-08-17,defective
1748,17436.0,2023-11-27,defective
1749,26907.0,2025-01-18,damaged
1750,2038.0,2024-06-07,late delivery
1751,30339.0,2025-10-26,defective
1752,7451.0,2023-11-23,defective
1753,12085.0,2023-12-20,wrong item
1754,657.0,2023-09-05,customer remorse
1755,25797.0,2023-08-05,wrong item
1756,17079.0,2023-01-16,damaged
1757,30465.0,2022-08-12,wrong item
1758,27316.0,2025-09-22,wrong item
1759,300.0,2025-04-20,late delivery
1760,9575.0,2023-03-20,late delivery
1761,34133.0,2023-09-03,damaged
1762,29379.0,2022-04-22,defective
1763,30370.0,2022-09-05,wrong item
1764,18337.0,2025-06-17,damaged
1765,14674.0,2024-07-24,customer remorse
1766,8932.0,2025-02-05,late delivery
1767,4473.0,2023-03-10,late delivery
1768,15667.0,2022-09-13,customer remorse
1769,18930.0,2024-09-27,defective
1770,15864.0,2025-09-13,defective
1771,29435.0,2022-05-04,wrong item
1772,13713.0,2024-04-15,damaged
1773,4366.0,2023-03-24,defective
1774,3536.0,2025-03-30,customer remorse
1775,25795.0,2024-01-17,late delivery
1776,18752.0,2022-01-23,late delivery
1777,23162.0,2023-11-12,wrong item
1778,28223.0,2023-01-27,damaged
1779,6360.0,2022-06-08,customer remorse
1780,20855.0,2025-10-20,damaged
1781,24468.0,2022-07-01,defective
1782,35597.0,2024-10-14,wrong item
1783,2888.0,2022-11-09,damaged
1784,25857.0,2022-09-09,late delivery
1785,34380.0,2022-04-15,defective
1786,13665.0,2025-08-24,defective
1787,9539.0,2025-06-27,customer remorse
1788,5064.0,2022-09-10,customer remorse
1789,8529.0,2024-03-15,customer remorse
1790,24935.0,2022-12-01,damaged
1791,2861.0,2023-03-25,wrong item
1792,27085.0,2024-05-11,late delivery
1793,21357.0,2025-07-17,wrong item
1794,12177.0,2024-09-15,damaged
1795,14097.0,2023-06-16,defective
1796,33510.0,2024-12-12,damaged
1797,10864.0,2022-03-27,customer remorse
1798,21199.0,2025-03-20,late delivery
1799,13861.0,2023-10-17,wrong item
1800,17276.0,2022-02-18,defective
1801,16132.0,2025-05-09,wrong item
1802,31307.0,2022-02-24,damaged
1803,8030.0,2025-07-03,damaged
1804,23231.0,2023-11-19,late delivery
1805,23324.0,2025-05-30,defective
1806,35171.0,2022-10-14,defective
1807,4173.0,2023-07-15,defective
1808,32193.0,2025-11-13,defective
1809,8603.0,2022-02-07,wrong item
1810,17608.0,2025-11-16,defective
1811,33189.0,2025-10-05,late delivery
1812,12000.0,2025-05-09,late delivery
1813,1668.0,2025-11-29,wrong item
1814,21311.0,2023-12-18,customer remorse
1815,2451.0,2024-05-02,late delivery
1816,19054.0,2024-02-17,defective
1817,2772.0,2022-11-13,late delivery
1818,13566.0,2025-09-04,wrong item
1819,10545.0,2022-11-16,wrong item
1820,14098.0,2024-12-29,late delivery
1821,32032.0,2025-10-01,customer remorse
1822,2724.0,2024-02-29,defective
1823,17637.0,2025-03-05,customer remorse
1824,36042.0,2022-02-09,wrong item
1825,28811.0,2023-02-12,defective
1826,176.0,2024-08-20,defective
1827,9684.0,2022-11-10,wrong item
1828,29980.0,2023-08-31,defective
1829,9462.0,2024-09-02,damaged
1830,27682.0,2022-07-16,wrong item
1831,19182.0,2022-09-30,customer remorse
1832,4074.0,2024-07-02,damaged
1833,20049.0,2025-09-12,late delivery
1834,27935.0,2024-01-29,late delivery
1835,29697.0,2022-03-21,late delivery
1836,8799.0,2025-09-06,late delivery
1837,3516.0,2024-05-06,damaged
1838,4261.0,2024-11-01,defective
1839,8252.0,2023-05-13,defective
1840,13115.0,2025-07-28,customer remorse
1841,8787.0,2024-01-09,defective
1842,12151.0,2024-07-28,damaged
1843,34703.0,2022-09-13,damaged
1844,35264.0,2024-03-05,wrong item
1845,11971.0,2022-05-12,late delivery
1846,28944.0,2025-08-16,damaged
1847,8416.0,2025-11-20,late delivery
1848,1276.0,2025-06-29,wrong item
1849,8714.0,2023-05-18,damaged
1850,23869.0,2025-06-17,late delivery
1851,12464.0,2022-04-25,wrong item
1852,26630.0,2023-09-05,damaged
1853,5411.0,2023-05-22,wrong item
1854,4807.0,2022-01-31,wrong item
1855,4795.0,2022-04-12,defective
1856,6580.0,2024-01-03,damaged
1857,9786.0,2024-08-09,defective
1858,34095.0,2024-02-06,wrong item
1859,17709.0,2022-08-01,wrong item
1860,12653.0,2022-12-14,late delivery
1861,27683.0,2022-07-03,late delivery
1862,18035.0,2024-06-29,damaged
1863,1031.0,2022-11-30,customer remorse
1864,27005.0,2024-11-10,damaged
1865,201.0,2025-02-16,defective
1866,2806.0,2023-09-10,defective
1867,13550.0,2023-12-22,damaged
1868,12866.0,2022-02-24,wrong item
1869,26778.0,2025-06-11,damaged
1870,7318.0,2025-01-18,damaged
1871,10224.0,2023-04-03,defective
1872,21030.0,2025-10-02,wrong item
1873,20934.0,2024-04-30,damaged
1874,14522.0,2024-05-23,defective
1875,24768.0,2024-02-18,wrong item
1876,8147.0,2023-12-18,defective
1877,23225.0,2025-06-10,defective
1878,35454.0,2025-07-19,wrong item
1879,8760.0,2022-05-28,late delivery
1880,3247.0,2023-07-03,defective
1881,35718.0,2025-08-05,wrong item
1882,28471.0,2025-04-06,late delivery
1883,15022.0,2023-12-12,wrong item
1884,20998.0,2024-03-17,customer remorse
1885,31545.0,2025-04-02,wrong item
1886,33537.0,2025-09-22,wrong item
1887,739.0,2024-11-04,late delivery
1888,1355.0,2025-09-14,defective
1889,3940.0,2023-02-04,defective
1890,10277.0,2022-08-08,customer remorse
1891,22992.0,2025-05-06,late delivery
1892,19864.0,2022-04-27,damaged
1893,30469.0,2024-04-10,late delivery
1894,10195.0,2024-10-29,late delivery
1895,31425.0,2024-03-23,damaged
1896,10554.0,2022-02-07,wrong item
1897,696.0,2022-01-25,wrong item
1898,5020.0,2022-01-29,damaged
1899,11152.0,2024-10-20,customer remorse
1900,7396.0,2025-08-06,customer remorse
1901,25724.0,2024-10-14,defective
1902,355.0,2022-07-03,customer remorse
1903,9365.0,2024-08-04,late delivery
1904,24782.0,2023-12-11,defective
1905,10889.0,2025-03-07,customer remorse
1906,34870.0,2025-07-19,wrong item
1907,25343.0,2025-08-17,defective
1908,24550.0,2022-02-02,wrong item
1909,928.0,2023-02-12,customer remorse
1910,21022.0,2024-01-18,late delivery
1911,28041.0,2022-03-09,wrong item
1912,1464.0,2024-08-08,late delivery
1913,33381.0,2024-09-14,late delivery
1914,18287.0,2023-10-06,defective
1915,30318.0,2024-09-10,defective
1916,21817.0,2023-07-17,defective
1917,12247.0,2022-07-26,damaged
1918,20796.0,2022-10-19,damaged
1919,16198.0,2024-08-06,customer remorse
1920,4225.0,2024-02-13,late delivery
1921,33102.0,2023-08-12,defective
1922,11295.0,2023-07-30,customer remorse
1923,11019.0,2022-05-02,customer remorse
1924,31010.0,2025-07-13,customer remorse
1925,3190.0,2024-03-29,late delivery
1926,17500.0,2022-01-09,damaged
1927,6889.0,2024-01-11,defective
1928,6524.0,2023-07-08,defective
1929,23823.0,2022-12-24,wrong item
1930,3023.0,2024-04-26,late delivery
1931,10290.0,2022-08-10,defective
1932,6943.0,2024-07-26,customer remorse
1933,33491.0,2024-01-20,defective
1934,2908.0,2022-04-26,damaged
1935,2395.0,2024-08-28,damaged
1936,5087.0,2022-01-22,late delivery
1937,14484.0,2023-07-14,damaged
1938,8431.0,2023-12-01,late delivery
1939,17674.0,2025-10-02,customer remorse
1940,8479.0,2022-07-03,customer remorse
1941,29406.0,2022-08-06,late delivery
1942,5806.0,2023-12-19,customer remorse
1943,15660.0,2025-04-04,damaged
1944,35758.0,2022-08-17,defective
1945,16378.0,2022-04-26,wrong item
1946,760.0,2022-08-07,customer remorse
1947,4097.0,2025-10-01,defective
1948,16254.0,2023-04-16,wrong item
1949,5788.0,2022-06-06,damaged
1950,18066.0,2023-09-05,defective
1951,28943.0,2023-08-28,wrong item
1952,446.0,2025-05-15,damaged
1953,27902.0,2024-03-27,wrong item
1954,23932.0,2024-07-15,late delivery
1955,33451.0,2023-06-21,damaged
1956,7484.0,2022-10-23,damaged
1957,3914.0,2022-08-10,wrong item
1958,15710.0,2022-01-24,damaged
1959,18042.0,2022-01-28,customer remorse
1960,27636.0,2023-04-18,damaged
1961,19911.0,2025-07-27,late delivery
1962,21534.0,2024-09-11,defective
1963,33154.0,2022-10-15,wrong item
1964,31139.0,2025-02-05,wrong item
1965,9591.0,2025-11-03,late delivery
1966,25046.0,2024-06-18,late delivery
1967,29061.0,2023-06-28,late delivery
1968,5728.0,2024-05-19,late delivery
1969,31811.0,2025-03-04,late delivery
1970,17505.0,2023-11-02,defective
1971,27604.0,2025-07-29,damaged
1972,29369.0,2023-04-06,defective
1973,25628.0,2025-03-20,late delivery
1974,21132.0,2024-11-16,wrong item
1975,1150.0,2023-11-27,defective
1976,7991.0,2025-02-03,late delivery
1977,4067.0,2025-07-11,late delivery
1978,15490.0,2023-01-18,late delivery
1979,9071.0,2024-03-02,wrong item
1980,17690.0,2025-03-28,defective
1981,8225.0,2024-12-02,damaged
1982,22618.0,2023-02-13,wrong item
1983,17946.0,2024-12-21,customer remorse
1984,19957.0,2024-12-26,damaged
1985,20574.0,2024-10-28,late delivery
1986,3704.0,2024-01-19,late delivery
1987,25351.0,2022-11-22,defective
1988,12527.0,2025-08-22,defective
1989,26496.0,2023-10-13,wrong item
1990,14309.0,2023-10-20,wrong item
1991,20629.0,2023-01-07,late delivery
1992,15964.0,2024-06-24,wrong item
1993,4362.0,2025-01-18,defective
1994,3404.0,2022-06-05,defective
1995,880.0,2024-10-20,wrong item
1996,386.0,2024-12-23,damaged
1997,34309.0,2024-08-18,damaged
1998,21609.0,2025-03-14,defective
1999,13655.0,2024-02-08,defective
2000,22113.0,2023-05-12,late delivery
2001,22222.0,2025-09-24,late delivery
2002,28263.0,2025-06-03,customer remorse
2003,33703.0,2024-01-18,wrong item
2004,9775.0,2023-09-10,wrong item
2005,32721.0,2022-03-26,customer remorse
2006,12320.0,2025-10-20,wrong item
2007,16941.0,2025-07-27,damaged
2008,8138.0,2025-01-09,customer remorse
2009,8274.0,2024-08-06,customer remorse
2010,24936.0,2024-04-16,late delivery
2011,25619.0,2022-06-20,damaged
2012,1048.0,2025-10-27,customer remorse
2013,8601.0,2023-03-18,customer remorse
2014,33189.0,2022-01-03,late delivery
2015,7647.0,2023-12-20,late delivery
2016,19778.0,2025-04-17,late delivery
2017,35166.0,2022-10-25,damaged
2018,30917.0,2023-01-05,damaged
2019,10063.0,2025-09-05,customer remorse
2020,23028.0,2024-07-27,wrong item
2021,30505.0,2023-09-25,late delivery
2022,14403.0,2025-01-31,late delivery
2023,16842.0,2024-02-20,late delivery
2024,10011.0,2023-04-06,defective
2025,8017.0,2023-04-22,damaged
2026,14122.0,2025-04-04,defective
2027,13004.0,2023-12-31,damaged
2028,19581.0,2024-02-26,late delivery
2029,6966.0,2024-10-09,customer remorse
2030,10294.0,2022-11-04,late delivery
2031,24226.0,2022-07-02,customer remorse
2032,23551.0,2025-10-22,damaged
2033,6996.0,2023-12-06,late delivery
2034,32395.0,2025-11-03,damaged
2035,14947.0,2025-07-28,damaged
2036,4226.0,2022-02-02,late delivery
2037,30.0,2022-05-07,damaged
2038,34789.0,2023-02-15,damaged
2039,9885.0,2025-01-16,late delivery
2040,431.0,2024-07-04,defective
2041,28869.0,2022-05-10,wrong item
2042,21830.0,2022-08-22,late delivery
2043,19254.0,2025-09-30,customer remorse
2044,29731.0,2023-10-22,customer remorse
2045,23639.0,2025-04-24,defective
2046,10979.0,2022-04-07,defective
2047,3977.0,2025-08-26,customer remorse
2048,33472.0,2024-06-28,wrong item
2049,20491.0,2023-09-09,damaged
2050,33124.0,2024-05-07,customer remorse
2051,496.0,2024-01-14,defective
2052,2618.0,2025-11-08,wrong item
2053,21671.0,2025-07-31,defective
2054,29310.0,2023-01-16,damaged
2055,18138.0,2023-05-27,late delivery
2056,31737.0,2022-09-20,wrong item
2057,3547.0,2022-10-13,wrong item
2058,26409.0,2025-11-04,damaged
2059,7019.0,2022-11-07,defective
2060,16401.0,2023-01-09,defective
2061,25631.0,2023-10-30,customer remorse
2062,11331.0,2024-04-28,wrong item
2063,7921.0,2023-04-02,defective
2064,32457.0,2024-04-12,damaged
2065,30028.0,2025-06-07,customer remorse
2066,14974.0,2023-12-05,late delivery
2067,6594.0,2024-10-25,customer remorse
2068,6635.0,2022-04-15,late delivery
2069,11743.0,2024-08-06,wrong item
2070,17564.0,2023-03-16,damaged
2071,32135.0,2024-08-14,late delivery
2072,11527.0,2023-11-04,wrong item
2073,15936.0,2025-01-17,damaged
2074,22161.0,2025-07-30,defective
2075,19130.0,2022-02-11,customer remorse
2076,35199.0,2022-07-01,late delivery
2077,6104.0,2025-02-05,wrong item
2078,1849.0,2025-08-14,wrong item
2079,34355.0,2022-02-16,defective
2080,24086.0,2023-03-15,wrong item
2081,6256.0,2022-09-30,damaged
2082,28898.0,2024-08-12,late delivery
2083,9149.0,2024-03-06,customer remorse
2084,7637.0,2025-01-01,wrong item
2085,23104.0,2022-11-20,customer remorse
2086,27610.0,2022-09-29,damaged
2087,18187.0,2024-07-03,wrong item
2088,12127.0,2025-09-27,customer remorse
2089,33322.0,2023-01-06,damaged
2090,31912.0,2023-02-22,wrong item
2091,4182.0,2024-03-10,defective
2092,19475.0,2025-07-23,late delivery
2093,16068.0,2022-08-15,late delivery
2094,29225.0,2024-04-17,damaged
2095,6093.0,2024-01-07,customer remorse
2096,3833.0,2023-06-15,damaged
2097,11811.0,2025-06-30,wrong item
2098,21491.0,2022-08-05,customer remorse
2099,8502.0,2023-11-30,customer remorse
2100,4857.0,2024-03-24,customer remorse
2101,4834.0,2023-10-04,wrong item
2102,24010.0,2022-03-26,late delivery
2103,329.0,2024-09-05,wrong item
2104,32080.0,2023-12-23,customer remorse
2105,10803.0,2022-05-21,customer remorse
2106,35380.0,2025-11-18,defective
2107,27017.0,2024-09-26,defective
2108,18791.0,2025-06-23,wrong item
2109,19559.0,2023-03-14,customer remorse
2110,31021.0,2025-07-28,defective
2111,30992.0,2025-07-24,late delivery
2112,16333.0,2023-04-09,late delivery
2113,28317.0,2022-05-11,customer remorse
2114,4689.0,2024-10-28,defective
2115,5848.0,2023-03-21,wrong item
2116,27264.0,2022-10-02,wrong item
2117,21673.0,2022-02-22,defective
2118,35261.0,2024-04-21,late delivery
2119,33857.0,2025-10-02,damaged
2120,23142.0,2023-12-24,wrong item
2121,27380.0,2022-03-02,damaged
2122,9522.0,2022-08-27,late delivery
2123,11896.0,2024-08-07,wrong item
2124,29580.0,2023-01-06,late delivery
2125,13587.0,2024-07-10,damaged
2126,22982.0,2025-11-07,wrong item
2127,33083.0,2022-04-02,customer remorse
2128,21401.0,2025-07-24,customer remorse
2129,36050.0,2022-07-03,customer remorse
2130,12814.0,2025-10-07,customer remorse
2131,30154.0,2023-11-19,defective
2132,34449.0,2024-10-04,customer remorse
2133,341.0,2025-03-12,customer remorse
2134,26273.0,2023-12-03,late delivery
2135,24855.0,2025-09-18,wrong item
2136,8338.0,2024-02-12,late delivery
2137,15737.0,2024-06-16,customer remorse
2138,6748.0,2024-02-04,wrong item
2139,14720.0,2022-02-15,customer remorse
2140,8340.0,2023-04-17,damaged
2141,27161.0,2022-09-18,customer remorse
2142,14088.0,2022-08-13,customer remorse
2143,25352.0,2025-11-11,wrong item
2144,33748.0,2025-07-12,damaged
2145,494.0,2025-05-26,damaged
2146,19047.0,2024-03-04,damaged
2147,3655.0,2024-12-03,defective
2148,30837.0,2022-03-13,wrong item
2149,1709.0,2025-06-01,damaged
2150,33778.0,2024-08-08,defective
2151,31133.0,2023-11-10,damaged
2152,6905.0,2022-08-06,late delivery
2153,15807.0,2025-05-10,customer remorse
2154,17515.0,2024-08-25,defective
2155,9271.0,2024-05-25,late delivery
2156,11836.0,2024-07-21,defective
2157,15541.0,2023-03-10,damaged
2158,9043.0,2022-08-15,late delivery
2159,19801.0,2024-09-14,defective
2160,9286.0,2022-11-23,late delivery
2161,28613.0,2024-11-08,defective
2162,30624.0,2022-01-20,defective
2163,15598.0,2023-09-05,late delivery
2164,14087.0,2023-06-06,customer remorse
2165,34985.0,2024-02-21,defective
2166,11727.0,2024-09-09,wrong item
2167,6999.0,2025-07-11,customer remorse
2168,8719.0,2025-05-06,defective
2169,11404.0,2023-02-01,defective
2170,19379.0,2022-05-15,defective
2171,521.0,2024-08-02,defective
2172,15032.0,2025-06-24,defective
2173,15844.0,2024-12-13,defective
2174,13711.0,2025-09-08,damaged
2175,30438.0,2022-11-19,damaged
2176,25447.0,2022-02-05,damaged
2177,1567.0,2023-04-25,wrong item
2178,4869.0,2023-08-23,damaged
2179,1137.0,2023-11-05,defective
2180,9658.0,2023-11-23,wrong item
2181,2091.0,2025-07-23,wrong item
2182,27630.0,2024-08-29,damaged
2183,11330.0,2023-12-13,wrong item
2184,30027.0,2025-05-28,late delivery
2185,27223.0,2025-04-24,wrong item
2186,19140.0,2023-06-05,late delivery
2187,16859.0,2024-01-17,damaged
2188,5336.0,2024-06-16,customer remorse
2189,6659.0,2025-08-11,wrong item
2190,14128.0,2024-05-01,defective
2191,3859.0,2025-01-12,damaged
2192,14378.0,2025-10-29,customer remorse
2193,16656.0,2024-06-05,customer remorse
2194,34430.0,2025-07-14,late delivery
2195,8309.0,2023-08-19,late delivery
2196,11405.0,2022-02-27,defective
2197,9449.0,2024-11-18,late delivery
2198,22123.0,2024-10-29,late delivery
2199,20364.0,2022-12-13,damaged
2200,12742.0,2023-06-06,damaged
2201,34529.0,2025-08-27,late delivery
2202,24078.0,2025-02-26,defective
2203,8544.0,2023-02-17,defective
2204,18729.0,2023-06-28,wrong item
2205,6850.0,2024-07-10,customer remorse
2206,24781.0,2023-09-09,wrong item
2207,32603.0,2025-05-12,damaged
2208,13016.0,2022-12-06,late delivery
2209,19151.0,2023-08-25,customer remorse
2210,21751.0,2023-02-14,wrong item
2211,13990.0,2023-12-28,defective
2212,1681.0,2022-05-31,damaged
2213,19761.0,2024-06-08,wrong item
2214,28704.0,2024-04-22,late delivery
2215,27185.0,2025-02-03,defective
2216,28237.0,2025-02-24,defective
2217,4972.0,2024-12-03,late delivery
2218,6925.0,2024-01-14,wrong item
2219,7820.0,2025-04-07,late delivery
2220,29057.0,2023-04-15,customer remorse
2221,2711.0,2024-10-03,defective
2222,30666.0,2023-12-25,defective
2223,24966.0,2025-05-02,defective
2224,1220.0,2022-09-04,late delivery
2225,5485.0,2025-05-16,late delivery
2226,18943.0,2024-09-02,customer remorse
2227,8948.0,2022-08-18,wrong item
2228,5623.0,2023-02-26,wrong item
2229,9873.0,2023-05-12,late delivery
2230,19701.0,2022-09-16,wrong item
2231,33507.0,2023-05-13,late delivery
2232,28347.0,2022-10-28,wrong item
2233,9066.0,2025-11-19,late delivery
2234,34575.0,2024-06-29,late delivery
2235,15745.0,2023-10-22,customer remorse
2236,11186.0,2023-09-05,customer remorse
2237,28509.0,2024-07-18,damaged
2238,27686.0,2024-01-13,late delivery
2239,8587.0,2022-10-30,defective
2240,886.0,2024-10-21,defective
2241,14903.0,2025-03-14,damaged
2242,28749.0,2024-03-22,wrong item
2243,20376.0,2024-11-10,damaged
2244,21665.0,2025-08-31,damaged
2245,18039.0,2022-07-06,defective
2246,23606.0,2023-02-01,late delivery
2247,27642.0,2024-08-14,wrong item
2248,297.0,2023-12-24,late delivery
2249,14376.0,2022-11-27,wrong item
2250,3058.0,2023-03-17,late delivery
2251,20513.0,2022-12-23,damaged
2252,22855.0,2025-07-17,damaged
2253,7508.0,2023-01-07,late delivery
2254,22598.0,2025-12-03,customer remorse
2255,9121.0,2025-05-19,defective
2256,6019.0,2023-12-05,late delivery
2257,4322.0,2023-02-03,defective
2258,33350.0,2025-10-12,late delivery
2259,6730.0,2024-11-25,customer remorse
2260,25174.0,2025-08-23,customer remorse
2261,30150.0,2024-06-02,late delivery
2262,26658.0,2022-04-24,defective
2263,2559.0,2024-05-05,customer remorse
2264,32700.0,2023-08-23,late delivery
2265,17097.0,2025-12-02,defective
2266,5602.0,2023-08-17,defective
2267,22303.0,2022-09-11,defective
2268,9169.0,2025-02-12,customer remorse
2269,652.0,2025-04-29,late delivery
2270,9484.0,2024-04-29,customer remorse
2271,25660.0,2025-12-02,damaged
2272,4345.0,2024-12-09,customer remorse
2273,28742.0,2023-11-02,damaged
2274,3069.0,2022-06-05,damaged
2275,12073.0,2023-11-08,defective
2276,26027.0,2022-09-06,late delivery
2277,14956.0,2025-09-19,damaged
2278,26848.0,2024-08-28,damaged
2279,12318.0,2023-10-14,damaged
2280,19158.0,2022-09-29,damaged
2281,28064.0,2022-05-03,wrong item
2282,4519.0,2023-11-09,customer remorse
2283,25930.0,2024-01-30,wrong item
2284,29886.0,2024-07-29,late delivery
2285,7274.0,2023-07-26,defective
2286,4309.0,2023-01-06,defective
2287,8614.0,2024-08-05,wrong item
2288,18715.0,2022-05-12,customer remorse
2289,4133.0,2025-10-21,defective
2290,23408.0,2023-08-25,wrong item
2291,6378.0,2024-05-17,customer remorse
2292,10509.0,2022-04-27,customer remorse
2293,20627.0,2024-10-28,defective
2294,25023.0,2024-09-16,damaged
2295,5250.0,2022-06-15,late delivery
2296,2845.0,2024-10-04,damaged
2297,12334.0,2023-04-05,damaged
2298,15058.0,2022-11-23,defective
2299,12954.0,2025-04-28,damaged
2300,8823.0,2022-12-27,customer remorse
2301,395.0,2025-06-08,late delivery
2302,30746.0,2022-12-09,customer remorse
2303,13183.0,2023-12-19,wrong item
2304,11933.0,2022-04-18,damaged
2305,6054.0,2024-11-22,damaged
2306,21576.0,2025-05-30,customer remorse
2307,11000.0,2023-08-03,defective
2308,3668.0,2024-05-31,damaged
2309,7317.0,2024-09-12,wrong item
2310,26328.0,2022-05-06,defective
2311,4122.0,2023-02-05,defective
2312,26571.0,2025-05-24,wrong item
2313,31357.0,2022-05-13,customer remorse
2314,10024.0,2023-06-27,defective
2315,29430.0,2024-11-01,damaged
2316,21416.0,2024-02-19,damaged
2317,18905.0,2024-08-19,wrong item
2318,27273.0,2022-12-09,customer remorse
2319,13032.0,2024-07-27,damaged
2320,26134.0,2024-04-24,customer remorse
2321,10722.0,2022-04-13,customer remorse
2322,15391.0,2024-11-09,late delivery
2323,15193.0,2022-07-18,damaged
2324,19983.0,2025-02-01,wrong item
2325,22050.0,2022-02-26,damaged
2326,32695.0,2025-06-23,customer remorse
2327,8632.0,2025-11-25,customer remorse
2328,20196.0,2025-08-31,late delivery
2329,8085.0,2024-09-06,customer remorse
2330,3702.0,2024-09-04,late delivery
2331,14896.0,2024-11-14,defective
2332,6860.0,2023-05-31,damaged
2333,34045.0,2023-04-17,late delivery
2334,6165.0,2024-04-19,customer remorse
2335,13187.0,2023-08-18,damaged
2336,14689.0,2022-06-12,defective
2337,3253.0,2023-04-19,customer remorse
2338,9244.0,2025-05-30,wrong item
2339,12872.0,2024-02-22,customer remorse
2340,13250.0,2024-07-27,customer remorse
2341,32648.0,2024-11-26,late delivery
2342,9176.0,2025-07-11,customer remorse
2343,31632.0,2023-03-23,customer remorse
2344,16318.0,2023-03-13,defective
2345,35837.0,2022-10-09,wrong item
2346,14703.0,2023-08-15,late delivery
2347,30138.0,2022-02-11,late delivery
2348,7265.0,2025-01-14,defective
2349,8199.0,2022-01-25,wrong item
2350,7669.0,2025-02-18,damaged
2351,10800.0,2022-12-27,late delivery
2352,9450.0,2023-02-21,damaged
2353,4013.0,2023-06-23,late delivery
2354,17333.0,2022-09-17,defective
2355,2367.0,2022-11-11,customer remorse
2356,30213.0,2023-08-07,late delivery
2357,4293.0,2025-08-27,defective
2358,14361.0,2025-08-09,late delivery
2359,5571.0,2025-01-16,late delivery
2360,16928.0,2023-08-24,late delivery
2361,16321.0,2023-07-13,customer remorse
2362,23835.0,2023-09-26,defective
2363,18044.0,2025-02-27,late delivery
2364,18310.0,2024-03-10,customer remorse
2365,30106.0,2025-01-10,damaged
2366,12098.0,2022-08-11,wrong item
2367,22409.0,2023-03-04,late delivery
2368,24206.0,2023-04-17,damaged
2369,6575.0,2024-05-27,late delivery
2370,21618.0,2025-11-01,late delivery
2371,23399.0,2024-02-26,customer remorse
2372,4053.0,2022-04-04,late delivery
2373,21109.0,2023-09-06,damaged
2374,12761.0,2022-10-19,late delivery
2375,20148.0,2024-06-05,late delivery
2376,8107.0,2024-09-13,customer remorse
2377,5480.0,2025-04-23,late delivery
2378,2380.0,2024-04-12,damaged
2379,191.0,2024-12-17,damaged
2380,4678.0,2024-11-05,customer remorse
2381,16903.0,2025-06-15,wrong item
2382,29228.0,2022-08-21,customer remorse
2383,15641.0,2022-08-20,damaged
2384,32550.0,2025-01-04,late delivery
2385,15568.0,2023-11-09,customer remorse
2386,34134.0,2024-09-08,damaged
2387,28088.0,2023-12-18,defective
2388,11347.0,2022-12-10,damaged
2389,18042.0,2023-12-15,late delivery
2390,9821.0,2023-10-19,wrong item
2391,26327.0,2022-12-24,damaged
2392,7247.0,2025-09-09,damaged
2393,18157.0,2023-08-25,damaged
2394,21095.0,2022-01-29,wrong item
2395,9621.0,2022-12-13,defective
2396,23888.0,2024-08-20,damaged
2397,10895.0,2025-10-07,late delivery
2398,1448.0,2024-11-29,customer remorse
2399,22847.0,2024-03-15,defective
2400,14593.0,2025-01-24,late delivery
2401,31800.0,2023-09-28,wrong item
2402,32344.0,2022-02-14,late delivery
2403,33567.0,2025-10-28,wrong item
2404,34766.0,2023-09-02,wrong item
2405,7858.0,2022-06-29,customer remorse
2406,15000.0,2024-07-27,wrong item
2407,26085.0,2022-12-17,defective
2408,22349.0,2023-02-21,customer remorse
2409,14400.0,2022-10-21,damaged
2410,34275.0,2024-03-17,customer remorse
2411,408.0,2023-07-24,damaged
2412,32499.0,2023-05-06,late delivery
2413,32951.0,2022-05-28,wrong item
2414,5500.0,2022-08-17,late delivery
2415,23635.0,2025-07-01,damaged
2416,8550.0,2024-08-11,late delivery
2417,10419.0,2024-11-25,defective
2418,31063.0,2022-11-14,customer remorse
2419,19242.0,2024-10-13,wrong item
2420,29502.0,2022-07-24,defective
2421,23893.0,2022-12-25,customer remorse
2422,10022.0,2025-10-04,wrong item
2423,24235.0,2024-02-15,wrong item
2424,5056.0,2023-06-05,wrong item
2425,16335.0,2022-10-03,late delivery
2426,31525.0,2023-09-29,wrong item
2427,452.0,2023-10-31,late delivery
2428,27966.0,2025-10-12,defective
2429,23540.0,2024-10-17,wrong item
2430,13638.0,2022-07-02,damaged
2431,30740.0,2025-09-26,customer remorse
2432,22349.0,2022-12-16,defective
2433,4105.0,2022-11-14,damaged
2434,13548.0,2023-03-21,defective
2435,21398.0,2025-02-23,wrong item
2436,11203.0,2022-07-26,damaged
2437,14189.0,2024-04-13,customer remorse
2438,27342.0,2024-04-25,damaged
2439,32098.0,2023-01-06,defective
2440,32778.0,2024-05-28,wrong item
2441,23599.0,2024-02-12,late delivery
2442,697.0,2023-05-01,defective
2443,18270.0,2024-04-23,damaged
2444,25636.0,2025-01-03,customer remorse
2445,28548.0,2022-03-19,late delivery
2446,11838.0,2023-05-29,late delivery
2447,16667.0,2022-05-14,damaged
2448,20995.0,2024-08-27,late delivery
2449,25588.0,2025-09-28,late delivery
2450,21349.0,2022-04-15,defective
2451,31224.0,2025-11-09,damaged
2452,7032.0,2023-08-10,damaged
2453,34205.0,2025-11-27,customer remorse
2454,29376.0,2023-10-20,customer remorse
2455,25600.0,2022-08-20,damaged
2456,9836.0,2024-02-21,damaged
2457,33522.0,2024-11-04,late delivery
2458,6535.0,2023-09-03,late delivery
2459,19258.0,2022-10-10,wrong item
2460,33260.0,2024-10-04,customer remorse
2461,22221.0,2023-03-21,damaged
2462,23205.0,2024-09-18,wrong item
2463,22626.0,2025-06-30,damaged
2464,745.0,2022-07-26,late delivery
2465,18538.0,2025-11-05,customer remorse
2466,25400.0,2024-03-05,damaged
2467,17756.0,2024-01-09,customer remorse
2468,484.0,2024-12-03,wrong item
2469,349.0,2024-12-14,customer remorse
2470,8784.0,2024-03-11,customer remorse
2471,2644.0,2024-11-30,late delivery
2472,8895.0,2025-03-13,damaged
2473,14314.0,2025-09-19,wrong item
2474,11617.0,2025-07-22,defective
2475,20495.0,2022-04-08,customer remorse
2476,19524.0,2024-12-21,defective
2477,14304.0,2024-05-23,wrong item
2478,9801.0,2023-11-26,damaged
2479,21889.0,2023-05-27,customer remorse
2480,25866.0,2024-07-13,late delivery
2481,26293.0,2024-09-04,defective
2482,26043.0,2025-11-02,customer remorse
2483,29641.0,2024-11-01,late delivery
2484,6876.0,2023-02-20,wrong item
2485,28335.0,2024-04-24,customer remorse
2486,10334.0,2023-05-29,defective
2487,4256.0,2024-08-06,damaged
2488,9471.0,2022-06-15,wrong item
2489,33807.0,2022-03-17,late delivery
2490,30430.0,2022-06-27,late delivery
2491,13375.0,2022-03-17,damaged
2492,9769.0,2024-01-08,customer remorse
2493,14390.0,2023-02-02,wrong item
2494,3840.0,2025-04-27,wrong item
2495,25517.0,2024-11-15,damaged
2496,1873.0,2024-05-06,wrong item
2497,5391.0,2022-09-28,late delivery
2498,9650.0,2025-10-23,defective
2499,26810.0,2023-02-26,damaged
2500,33877.0,2023-04-30,customer remorse
